CREATE DATABASE  IF NOT EXISTS `pokemon` /*!40100 DEFAULT CHARACTER SET utf8mb4 COLLATE utf8mb4_0900_ai_ci */ /*!80016 DEFAULT ENCRYPTION='N' */;
USE `pokemon`;
-- MySQL dump 10.13  Distrib 8.0.25, for macos11 (x86_64)
--
-- Host: 127.0.0.1    Database: pokemon
-- ------------------------------------------------------
-- Server version	8.0.31

/*!40101 SET @OLD_CHARACTER_SET_CLIENT=@@CHARACTER_SET_CLIENT */;
/*!40101 SET @OLD_CHARACTER_SET_RESULTS=@@CHARACTER_SET_RESULTS */;
/*!40101 SET @OLD_COLLATION_CONNECTION=@@COLLATION_CONNECTION */;
/*!50503 SET NAMES utf8 */;
/*!40103 SET @OLD_TIME_ZONE=@@TIME_ZONE */;
/*!40103 SET TIME_ZONE='+00:00' */;
/*!40014 SET @OLD_UNIQUE_CHECKS=@@UNIQUE_CHECKS, UNIQUE_CHECKS=0 */;
/*!40014 SET @OLD_FOREIGN_KEY_CHECKS=@@FOREIGN_KEY_CHECKS, FOREIGN_KEY_CHECKS=0 */;
/*!40101 SET @OLD_SQL_MODE=@@SQL_MODE, SQL_MODE='NO_AUTO_VALUE_ON_ZERO' */;
/*!40111 SET @OLD_SQL_NOTES=@@SQL_NOTES, SQL_NOTES=0 */;

--
-- Table structure for table `abilities`
--

DROP TABLE IF EXISTS `abilities`;
/*!40101 SET @saved_cs_client     = @@character_set_client */;
/*!50503 SET character_set_client = utf8mb4 */;
CREATE TABLE `abilities` (
  `id` int NOT NULL AUTO_INCREMENT,
  `name` varchar(100) NOT NULL,
  PRIMARY KEY (`id`)
) ENGINE=InnoDB AUTO_INCREMENT=192 DEFAULT CHARSET=utf8mb3;
/*!40101 SET character_set_client = @saved_cs_client */;

--
-- Dumping data for table `abilities`
--

LOCK TABLES `abilities` WRITE;
/*!40000 ALTER TABLE `abilities` DISABLE KEYS */;
INSERT INTO `abilities` VALUES (2,'drizzle'),(3,'speed-boost'),(4,'battle-armor'),(5,'sturdy'),(6,'damp'),(7,'limber'),(8,'sand-veil'),(9,'static'),(10,'volt-absorb'),(11,'water-absorb'),(12,'oblivious'),(13,'cloud-nine'),(14,'compound-eyes'),(15,'insomnia'),(16,'color-change'),(17,'immunity'),(18,'flash-fire'),(19,'shield-dust'),(20,'own-tempo'),(21,'suction-cups'),(22,'intimidate'),(23,'shadow-tag'),(24,'rough-skin'),(25,'wonder-guard'),(26,'levitate'),(27,'effect-spore'),(28,'synchronize'),(29,'clear-body'),(30,'natural-cure'),(31,'lightning-rod'),(32,'serene-grace'),(33,'swift-swim'),(34,'chlorophyll'),(35,'illuminate'),(36,'trace'),(37,'huge-power'),(38,'poison-point'),(39,'inner-focus'),(40,'magma-armor'),(41,'water-veil'),(42,'magnet-pull'),(43,'soundproof'),(44,'rain-dish'),(45,'sand-stream'),(46,'pressure'),(47,'thick-fat'),(48,'early-bird'),(49,'flame-body'),(50,'run-away'),(51,'keen-eye'),(52,'hyper-cutter'),(53,'pickup'),(54,'truant'),(55,'hustle'),(56,'cute-charm'),(57,'plus'),(58,'minus'),(59,'forecast'),(60,'sticky-hold'),(61,'shed-skin'),(62,'guts'),(63,'marvel-scale'),(64,'liquid-ooze'),(65,'overgrow'),(66,'blaze'),(67,'torrent'),(68,'swarm'),(69,'rock-head'),(70,'drought'),(71,'arena-trap'),(72,'vital-spirit'),(73,'white-smoke'),(74,'pure-power'),(75,'shell-armor'),(76,'air-lock'),(77,'tangled-feet'),(78,'motor-drive'),(79,'rivalry'),(80,'steadfast'),(81,'snow-cloak'),(82,'gluttony'),(83,'anger-point'),(84,'unburden'),(85,'heatproof'),(86,'simple'),(87,'dry-skin'),(88,'download'),(89,'iron-fist'),(90,'poison-heal'),(91,'adaptability'),(92,'skill-link'),(93,'hydration'),(94,'solar-power'),(95,'quick-feet'),(96,'normalize'),(97,'sniper'),(98,'magic-guard'),(99,'no-guard'),(100,'stall'),(101,'technician'),(102,'leaf-guard'),(103,'klutz'),(104,'mold-breaker'),(105,'super-luck'),(106,'aftermath'),(107,'anticipation'),(108,'forewarn'),(109,'unaware'),(110,'tinted-lens'),(111,'filter'),(112,'slow-start'),(113,'scrappy'),(114,'storm-drain'),(115,'ice-body'),(116,'solid-rock'),(117,'snow-warning'),(118,'honey-gather'),(119,'frisk'),(120,'reckless'),(121,'multitype'),(122,'flower-gift'),(123,'bad-dreams'),(124,'pickpocket'),(125,'sheer-force'),(126,'contrary'),(127,'unnerve'),(128,'defiant'),(129,'defeatist'),(130,'cursed-body'),(131,'healer'),(132,'friend-guard'),(133,'weak-armor'),(134,'heavy-metal'),(135,'light-metal'),(136,'multiscale'),(137,'toxic-boost'),(138,'flare-boost'),(139,'harvest'),(140,'telepathy'),(141,'moody'),(142,'overcoat'),(143,'poison-touch'),(144,'regenerator'),(145,'big-pecks'),(146,'sand-rush'),(147,'wonder-skin'),(148,'analytic'),(149,'illusion'),(150,'imposter'),(151,'infiltrator'),(152,'mummy'),(153,'moxie'),(154,'justified'),(155,'rattled'),(156,'magic-bounce'),(157,'sap-sipper'),(158,'prankster'),(159,'sand-force'),(160,'iron-barbs'),(161,'zen-mode'),(162,'victory-star'),(163,'turboblaze'),(164,'teravolt'),(165,'aroma-veil'),(166,'flower-veil'),(167,'cheek-pouch'),(168,'protean'),(169,'fur-coat'),(170,'magician'),(171,'bulletproof'),(172,'competitive'),(173,'strong-jaw'),(174,'refrigerate'),(175,'sweet-veil'),(176,'stance-change'),(177,'gale-wings'),(178,'mega-launcher'),(179,'grass-pelt'),(180,'symbiosis'),(181,'tough-claws'),(182,'pixilate'),(183,'gooey'),(184,'aerilate'),(185,'parental-bond'),(186,'dark-aura'),(187,'fairy-aura'),(188,'aura-break'),(189,'primordial-sea'),(190,'desolate-land'),(191,'delta-stream');
/*!40000 ALTER TABLE `abilities` ENABLE KEYS */;
UNLOCK TABLES;

--
-- Table structure for table `base_stats`
--

DROP TABLE IF EXISTS `base_stats`;
/*!40101 SET @saved_cs_client     = @@character_set_client */;
/*!50503 SET character_set_client = utf8mb4 */;
CREATE TABLE `base_stats` (
  `pokemon_id` int NOT NULL,
  `hp` int DEFAULT NULL,
  `attack` int DEFAULT NULL,
  `defense` int DEFAULT NULL,
  `special_attack` int DEFAULT NULL,
  `special_defense` int DEFAULT NULL,
  `speed` int DEFAULT NULL,
  PRIMARY KEY (`pokemon_id`),
  CONSTRAINT `pok_id` FOREIGN KEY (`pokemon_id`) REFERENCES `pokemon` (`id`)
) ENGINE=InnoDB DEFAULT CHARSET=utf8mb3;
/*!40101 SET character_set_client = @saved_cs_client */;

--
-- Dumping data for table `base_stats`
--

LOCK TABLES `base_stats` WRITE;
/*!40000 ALTER TABLE `base_stats` DISABLE KEYS */;
INSERT INTO `base_stats` VALUES (1,45,49,49,65,65,45),(2,60,62,63,80,80,60),(3,80,82,83,100,100,80),(4,39,52,43,60,50,65),(5,58,64,58,80,65,80),(6,78,84,78,109,85,100),(7,44,48,65,50,64,43),(8,59,63,80,65,80,58),(9,79,83,100,85,105,78),(10,45,30,35,20,20,45),(11,50,20,55,25,25,30),(12,60,45,50,90,80,70),(13,40,35,30,20,20,50),(14,45,25,50,25,25,35),(15,65,90,40,45,80,75),(16,40,45,40,35,35,56),(17,63,60,55,50,50,71),(18,83,80,75,70,70,101),(19,30,56,35,25,35,72),(20,55,81,60,50,70,97),(21,40,60,30,31,31,70),(22,65,90,65,61,61,100),(23,35,60,44,40,54,55),(24,60,85,69,65,79,80),(25,35,55,40,50,50,90),(26,60,90,55,90,80,110),(27,50,75,85,20,30,40),(28,75,100,110,45,55,65),(29,55,47,52,40,40,41),(30,70,62,67,55,55,56),(31,90,92,87,75,85,76),(32,46,57,40,40,40,50),(33,61,72,57,55,55,65),(34,81,102,77,85,75,85),(35,70,45,48,60,65,35),(36,95,70,73,95,90,60),(37,38,41,40,50,65,65),(38,73,76,75,81,100,100),(39,115,45,20,45,25,20),(40,140,70,45,85,50,45),(41,40,45,35,30,40,55),(42,75,80,70,65,75,90),(43,45,50,55,75,65,30),(44,60,65,70,85,75,40),(45,75,80,85,110,90,50),(46,35,70,55,45,55,25),(47,60,95,80,60,80,30),(48,60,55,50,40,55,45),(49,70,65,60,90,75,90),(50,10,55,25,35,45,95),(51,35,80,50,50,70,120),(52,40,45,35,40,40,90),(53,65,70,60,65,65,115),(54,50,52,48,65,50,55),(55,80,82,78,95,80,85),(56,40,80,35,35,45,70),(57,65,105,60,60,70,95),(58,55,70,45,70,50,60),(59,90,110,80,100,80,95),(60,40,50,40,40,40,90),(61,65,65,65,50,50,90),(62,90,95,95,70,90,70),(63,25,20,15,105,55,90),(64,40,35,30,120,70,105),(65,55,50,45,135,95,120),(66,70,80,50,35,35,35),(67,80,100,70,50,60,45),(68,90,130,80,65,85,55),(69,50,75,35,70,30,40),(70,65,90,50,85,45,55),(71,80,105,65,100,70,70),(72,40,40,35,50,100,70),(73,80,70,65,80,120,100),(74,40,80,100,30,30,20),(75,55,95,115,45,45,35),(76,80,120,130,55,65,45),(77,50,85,55,65,65,90),(78,65,100,70,80,80,105),(79,90,65,65,40,40,15),(80,95,75,110,100,80,30),(81,25,35,70,95,55,45),(82,50,60,95,120,70,70),(83,52,65,55,58,62,60),(84,35,85,45,35,35,75),(85,60,110,70,60,60,100),(86,65,45,55,45,70,45),(87,90,70,80,70,95,70),(88,80,80,50,40,50,25),(89,105,105,75,65,100,50),(90,30,65,100,45,25,40),(91,50,95,180,85,45,70),(92,30,35,30,100,35,80),(93,45,50,45,115,55,95),(94,60,65,60,130,75,110),(95,35,45,160,30,45,70),(96,60,48,45,43,90,42),(97,85,73,70,73,115,67),(98,30,105,90,25,25,50),(99,55,130,115,50,50,75),(100,40,30,50,55,55,100),(101,60,50,70,80,80,140),(102,60,40,80,60,45,40),(103,95,95,85,125,65,55),(104,50,50,95,40,50,35),(105,60,80,110,50,80,45),(106,50,120,53,35,110,87),(107,50,105,79,35,110,76),(108,90,55,75,60,75,30),(109,40,65,95,60,45,35),(110,65,90,120,85,70,60),(111,80,85,95,30,30,25),(112,105,130,120,45,45,40),(113,250,5,5,35,105,50),(114,65,55,115,100,40,60),(115,105,95,80,40,80,90),(116,30,40,70,70,25,60),(117,55,65,95,95,45,85),(118,45,67,60,35,50,63),(119,80,92,65,65,80,68),(120,30,45,55,70,55,85),(121,60,75,85,100,85,115),(122,40,45,65,100,120,90),(123,70,110,80,55,80,105),(124,65,50,35,115,95,95),(125,65,83,57,95,85,105),(126,65,95,57,100,85,93),(127,65,125,100,55,70,85),(128,75,100,95,40,70,110),(129,20,10,55,15,20,80),(130,95,125,79,60,100,81),(131,130,85,80,85,95,60),(132,48,48,48,48,48,48),(133,55,55,50,45,65,55),(134,130,65,60,110,95,65),(135,65,65,60,110,95,130),(136,65,130,60,95,110,65),(137,65,60,70,85,75,40),(138,35,40,100,90,55,35),(139,70,60,125,115,70,55),(140,30,80,90,55,45,55),(141,60,115,105,65,70,80),(142,80,105,65,60,75,130),(143,160,110,65,65,110,30),(144,90,85,100,95,125,85),(145,90,90,85,125,90,100),(146,90,100,90,125,85,90),(147,41,64,45,50,50,50),(148,61,84,65,70,70,70),(149,91,134,95,100,100,80),(150,106,110,90,154,90,130),(151,100,100,100,100,100,100),(152,45,49,65,49,65,45),(153,60,62,80,63,80,60),(154,80,82,100,83,100,80),(155,39,52,43,60,50,65),(156,58,64,58,80,65,80),(157,78,84,78,109,85,100),(158,50,65,64,44,48,43),(159,65,80,80,59,63,58),(160,85,105,100,79,83,78),(161,35,46,34,35,45,20),(162,85,76,64,45,55,90),(163,60,30,30,36,56,50),(164,100,50,50,76,96,70),(165,40,20,30,40,80,55),(166,55,35,50,55,110,85),(167,40,60,40,40,40,30),(168,70,90,70,60,60,40),(169,85,90,80,70,80,130),(170,75,38,38,56,56,67),(171,125,58,58,76,76,67),(172,20,40,15,35,35,60),(173,50,25,28,45,55,15),(174,90,30,15,40,20,15),(175,35,20,65,40,65,20),(176,55,40,85,80,105,40),(177,40,50,45,70,45,70),(178,65,75,70,95,70,95),(179,55,40,40,65,45,35),(180,70,55,55,80,60,45),(181,90,75,85,115,90,55),(182,75,80,95,90,100,50),(183,70,20,50,20,50,40),(184,100,50,80,60,80,50),(185,70,100,115,30,65,30),(186,90,75,75,90,100,70),(187,35,35,40,35,55,50),(188,55,45,50,45,65,80),(189,75,55,70,55,95,110),(190,55,70,55,40,55,85),(191,30,30,30,30,30,30),(192,75,75,55,105,85,30),(193,65,65,45,75,45,95),(194,55,45,45,25,25,15),(195,95,85,85,65,65,35),(196,65,65,60,130,95,110),(197,95,65,110,60,130,65),(198,60,85,42,85,42,91),(199,95,75,80,100,110,30),(200,60,60,60,85,85,85),(201,48,72,48,72,48,48),(202,190,33,58,33,58,33),(203,70,80,65,90,65,85),(204,50,65,90,35,35,15),(205,75,90,140,60,60,40),(206,100,70,70,65,65,45),(207,65,75,105,35,65,85),(208,75,85,200,55,65,30),(209,60,80,50,40,40,30),(210,90,120,75,60,60,45),(211,65,95,75,55,55,85),(212,70,130,100,55,80,65),(213,20,10,230,10,230,5),(214,80,125,75,40,95,85),(215,55,95,55,35,75,115),(216,60,80,50,50,50,40),(217,90,130,75,75,75,55),(218,40,40,40,70,40,20),(219,50,50,120,80,80,30),(220,50,50,40,30,30,50),(221,100,100,80,60,60,50),(222,55,55,85,65,85,35),(223,35,65,35,65,35,65),(224,75,105,75,105,75,45),(225,45,55,45,65,45,75),(226,65,40,70,80,140,70),(227,65,80,140,40,70,70),(228,45,60,30,80,50,65),(229,75,90,50,110,80,95),(230,75,95,95,95,95,85),(231,90,60,60,40,40,40),(232,90,120,120,60,60,50),(233,85,80,90,105,95,60),(234,73,95,62,85,65,85),(235,55,20,35,20,45,75),(236,35,35,35,35,35,35),(237,50,95,95,35,110,70),(238,45,30,15,85,65,65),(239,45,63,37,65,55,95),(240,45,75,37,70,55,83),(241,95,80,105,40,70,100),(242,255,10,10,75,135,55),(243,90,85,75,115,100,115),(244,115,115,85,90,75,100),(245,100,75,115,90,115,85),(246,50,64,50,45,50,41),(247,70,84,70,65,70,51),(248,100,134,110,95,100,61),(249,106,90,130,90,154,110),(250,106,130,90,110,154,90),(251,100,100,100,100,100,100),(252,40,45,35,65,55,70),(253,50,65,45,85,65,95),(254,70,85,65,105,85,120),(255,45,60,40,70,50,45),(256,60,85,60,85,60,55),(257,80,120,70,110,70,80),(258,50,70,50,50,50,40),(259,70,85,70,60,70,50),(260,100,110,90,85,90,60),(261,35,55,35,30,30,35),(262,70,90,70,60,60,70),(263,38,30,41,30,41,60),(264,78,70,61,50,61,100),(265,45,45,35,20,30,20),(266,50,35,55,25,25,15),(267,60,70,50,100,50,65),(268,50,35,55,25,25,15),(269,60,50,70,50,90,65),(270,40,30,30,40,50,30),(271,60,50,50,60,70,50),(272,80,70,70,90,100,70),(273,40,40,50,30,30,30),(274,70,70,40,60,40,60),(275,90,100,60,90,60,80),(276,40,55,30,30,30,85),(277,60,85,60,50,50,125),(278,40,30,30,55,30,85),(279,60,50,100,85,70,65),(280,28,25,25,45,35,40),(281,38,35,35,65,55,50),(282,68,65,65,125,115,80),(283,40,30,32,50,52,65),(284,70,60,62,80,82,60),(285,60,40,60,40,60,35),(286,60,130,80,60,60,70),(287,60,60,60,35,35,30),(288,80,80,80,55,55,90),(289,150,160,100,95,65,100),(290,31,45,90,30,30,40),(291,61,90,45,50,50,160),(292,1,90,45,30,30,40),(293,64,51,23,51,23,28),(294,84,71,43,71,43,48),(295,104,91,63,91,73,68),(296,72,60,30,20,30,25),(297,144,120,60,40,60,50),(298,50,20,40,20,40,20),(299,30,45,135,45,90,30),(300,50,45,45,35,35,50),(301,70,65,65,55,55,70),(302,50,75,75,65,65,50),(303,50,85,85,55,55,50),(304,50,70,100,40,40,30),(305,60,90,140,50,50,40),(306,70,110,180,60,60,50),(307,30,40,55,40,55,60),(308,60,60,75,60,75,80),(309,40,45,40,65,40,65),(310,70,75,60,105,60,105),(311,60,50,40,85,75,95),(312,60,40,50,75,85,95),(313,65,73,55,47,75,85),(314,65,47,55,73,75,85),(315,50,60,45,100,80,65),(316,70,43,53,43,53,40),(317,100,73,83,73,83,55),(318,45,90,20,65,20,65),(319,70,120,40,95,40,95),(320,130,70,35,70,35,60),(321,170,90,45,90,45,60),(322,60,60,40,65,45,35),(323,70,100,70,105,75,40),(324,70,85,140,85,70,20),(325,60,25,35,70,80,60),(326,80,45,65,90,110,80),(327,60,60,60,60,60,60),(328,45,100,45,45,45,10),(329,50,70,50,50,50,70),(330,80,100,80,80,80,100),(331,50,85,40,85,40,35),(332,70,115,60,115,60,55),(333,45,40,60,40,75,50),(334,75,70,90,70,105,80),(335,73,115,60,60,60,90),(336,73,100,60,100,60,65),(337,70,55,65,95,85,70),(338,70,95,85,55,65,70),(339,50,48,43,46,41,60),(340,110,78,73,76,71,60),(341,43,80,65,50,35,35),(342,63,120,85,90,55,55),(343,40,40,55,40,70,55),(344,60,70,105,70,120,75),(345,66,41,77,61,87,23),(346,86,81,97,81,107,43),(347,45,95,50,40,50,75),(348,75,125,100,70,80,45),(349,20,15,20,10,55,80),(350,95,60,79,100,125,81),(351,70,70,70,70,70,70),(352,60,90,70,60,120,40),(353,44,75,35,63,33,45),(354,64,115,65,83,63,65),(355,20,40,90,30,90,25),(356,40,70,130,60,130,25),(357,99,68,83,72,87,51),(358,65,50,70,95,80,65),(359,65,130,60,75,60,75),(360,95,23,48,23,48,23),(361,50,50,50,50,50,50),(362,80,80,80,80,80,80),(363,70,40,50,55,50,25),(364,90,60,70,75,70,45),(365,110,80,90,95,90,65),(366,35,64,85,74,55,32),(367,55,104,105,94,75,52),(368,55,84,105,114,75,52),(369,100,90,130,45,65,55),(370,43,30,55,40,65,97),(371,45,75,60,40,30,50),(372,65,95,100,60,50,50),(373,95,135,80,110,80,100),(374,40,55,80,35,60,30),(375,60,75,100,55,80,50),(376,80,135,130,95,90,70),(377,80,100,200,50,100,50),(378,80,50,100,100,200,50),(379,80,75,150,75,150,50),(380,80,80,90,110,130,110),(381,80,90,80,130,110,110),(382,100,100,90,150,140,90),(383,100,150,140,100,90,90),(384,105,150,90,150,90,95),(385,100,100,100,100,100,100),(386,50,180,20,180,20,150),(387,55,68,64,45,55,31),(388,75,89,85,55,65,36),(389,95,109,105,75,85,56),(390,44,58,44,58,44,61),(391,64,78,52,78,52,81),(392,76,104,71,104,71,108),(393,53,51,53,61,56,40),(394,64,66,68,81,76,50),(395,84,86,88,111,101,60),(396,40,55,30,30,30,60),(397,55,75,50,40,40,80),(398,85,120,70,50,60,100),(399,59,45,40,35,40,31),(400,79,85,60,55,60,71),(401,37,25,41,25,41,25),(402,77,85,51,55,51,65),(403,45,65,34,40,34,45),(404,60,85,49,60,49,60),(405,80,120,79,95,79,70),(406,40,30,35,50,70,55),(407,60,70,65,125,105,90),(408,67,125,40,30,30,58),(409,97,165,60,65,50,58),(410,30,42,118,42,88,30),(411,60,52,168,47,138,30),(412,40,29,45,29,45,36),(413,60,59,85,79,105,36),(414,70,94,50,94,50,66),(415,30,30,42,30,42,70),(416,70,80,102,80,102,40),(417,60,45,70,45,90,95),(418,55,65,35,60,30,85),(419,85,105,55,85,50,115),(420,45,35,45,62,53,35),(421,70,60,70,87,78,85),(422,76,48,48,57,62,34),(423,111,83,68,92,82,39),(424,75,100,66,60,66,115),(425,90,50,34,60,44,70),(426,150,80,44,90,54,80),(427,55,66,44,44,56,85),(428,65,76,84,54,96,105),(429,60,60,60,105,105,105),(430,100,125,52,105,52,71),(431,49,55,42,42,37,85),(432,71,82,64,64,59,112),(433,45,30,50,65,50,45),(434,63,63,47,41,41,74),(435,103,93,67,71,61,84),(436,57,24,86,24,86,23),(437,67,89,116,79,116,33),(438,50,80,95,10,45,10),(439,20,25,45,70,90,60),(440,100,5,5,15,65,30),(441,76,65,45,92,42,91),(442,50,92,108,92,108,35),(443,58,70,45,40,45,42),(444,68,90,65,50,55,82),(445,108,130,95,80,85,102),(446,135,85,40,40,85,5),(447,40,70,40,35,40,60),(448,70,110,70,115,70,90),(449,68,72,78,38,42,32),(450,108,112,118,68,72,47),(451,40,50,90,30,55,65),(452,70,90,110,60,75,95),(453,48,61,40,61,40,50),(454,83,106,65,86,65,85),(455,74,100,72,90,72,46),(456,49,49,56,49,61,66),(457,69,69,76,69,86,91),(458,45,20,50,60,120,50),(459,60,62,50,62,60,40),(460,90,92,75,92,85,60),(461,70,120,65,45,85,125),(462,70,70,115,130,90,60),(463,110,85,95,80,95,50),(464,115,140,130,55,55,40),(465,100,100,125,110,50,50),(466,75,123,67,95,85,95),(467,75,95,67,125,95,83),(468,85,50,95,120,115,80),(469,86,76,86,116,56,95),(470,65,110,130,60,65,95),(471,65,60,110,130,95,65),(472,75,95,125,45,75,95),(473,110,130,80,70,60,80),(474,85,80,70,135,75,90),(475,68,125,65,65,115,80),(476,60,55,145,75,150,40),(477,45,100,135,65,135,45),(478,70,80,70,80,70,110),(479,50,50,77,95,77,91),(480,75,75,130,75,130,95),(481,80,105,105,105,105,80),(482,75,125,70,125,70,115),(483,100,120,120,150,100,90),(484,90,120,100,150,120,100),(485,91,90,106,130,106,77),(486,110,160,110,80,110,100),(487,150,100,120,100,120,90),(488,120,70,120,75,130,85),(489,80,80,80,80,80,80),(490,100,100,100,100,100,100),(491,70,90,90,135,90,125),(492,100,100,100,100,100,100),(493,120,120,120,120,120,120),(494,100,100,100,100,100,100),(495,45,45,55,45,55,63),(496,60,60,75,60,75,83),(497,75,75,95,75,95,113),(498,65,63,45,45,45,45),(499,90,93,55,70,55,55),(500,110,123,65,100,65,65),(501,55,55,45,63,45,45),(502,75,75,60,83,60,60),(503,95,100,85,108,70,70),(504,45,55,39,35,39,42),(505,60,85,69,60,69,77),(506,45,60,45,25,45,55),(507,65,80,65,35,65,60),(508,85,110,90,45,90,80),(509,41,50,37,50,37,66),(510,64,88,50,88,50,106),(511,50,53,48,53,48,64),(512,75,98,63,98,63,101),(513,50,53,48,53,48,64),(514,75,98,63,98,63,101),(515,50,53,48,53,48,64),(516,75,98,63,98,63,101),(517,76,25,45,67,55,24),(518,116,55,85,107,95,29),(519,50,55,50,36,30,43),(520,62,77,62,50,42,65),(521,80,115,80,65,55,93),(522,45,60,32,50,32,76),(523,75,100,63,80,63,116),(524,55,75,85,25,25,15),(525,70,105,105,50,40,20),(526,85,135,130,60,80,25),(527,55,45,43,55,43,72),(528,67,57,55,77,55,114),(529,60,85,40,30,45,68),(530,110,135,60,50,65,88),(531,103,60,86,60,86,50),(532,75,80,55,25,35,35),(533,85,105,85,40,50,40),(534,105,140,95,55,65,45),(535,50,50,40,50,40,64),(536,75,65,55,65,55,69),(537,105,95,75,85,75,74),(538,120,100,85,30,85,45),(539,75,125,75,30,75,85),(540,45,53,70,40,60,42),(541,55,63,90,50,80,42),(542,75,103,80,70,80,92),(543,30,45,59,30,39,57),(544,40,55,99,40,79,47),(545,60,100,89,55,69,112),(546,40,27,60,37,50,66),(547,60,67,85,77,75,116),(548,45,35,50,70,50,30),(549,70,60,75,110,75,90),(550,70,92,65,80,55,98),(551,50,72,35,35,35,65),(552,60,82,45,45,45,74),(553,95,117,80,65,70,92),(554,70,90,45,15,45,50),(555,105,140,55,30,55,95),(556,75,86,67,106,67,60),(557,50,65,85,35,35,55),(558,70,95,125,65,75,45),(559,50,75,70,35,70,48),(560,65,90,115,45,115,58),(561,72,58,80,103,80,97),(562,38,30,85,55,65,30),(563,58,50,145,95,105,30),(564,54,78,103,53,45,22),(565,74,108,133,83,65,32),(566,55,112,45,74,45,70),(567,75,140,65,112,65,110),(568,50,50,62,40,62,65),(569,80,95,82,60,82,75),(570,40,65,40,80,40,65),(571,60,105,60,120,60,105),(572,55,50,40,40,40,75),(573,75,95,60,65,60,115),(574,45,30,50,55,65,45),(575,60,45,70,75,85,55),(576,70,55,95,95,110,65),(577,45,30,40,105,50,20),(578,65,40,50,125,60,30),(579,110,65,75,125,85,30),(580,62,44,50,44,50,55),(581,75,87,63,87,63,98),(582,36,50,50,65,60,44),(583,51,65,65,80,75,59),(584,71,95,85,110,95,79),(585,60,60,50,40,50,75),(586,80,100,70,60,70,95),(587,55,75,60,75,60,103),(588,50,75,45,40,45,60),(589,70,135,105,60,105,20),(590,69,55,45,55,55,15),(591,114,85,70,85,80,30),(592,55,40,50,65,85,40),(593,100,60,70,85,105,60),(594,165,75,80,40,45,65),(595,50,47,50,57,50,65),(596,70,77,60,97,60,108),(597,44,50,91,24,86,10),(598,74,94,131,54,116,20),(599,40,55,70,45,60,30),(600,60,80,95,70,85,50),(601,60,100,115,70,85,90),(602,35,55,40,45,40,60),(603,65,85,70,75,70,40),(604,85,115,80,105,80,50),(605,55,55,55,85,55,30),(606,75,75,75,125,95,40),(607,50,30,55,65,55,20),(608,60,40,60,95,60,55),(609,60,55,90,145,90,80),(610,46,87,60,30,40,57),(611,66,117,70,40,50,67),(612,76,147,90,60,70,97),(613,55,70,40,60,40,40),(614,95,110,80,70,80,50),(615,70,50,30,95,135,105),(616,50,40,85,40,65,25),(617,80,70,40,100,60,145),(618,109,66,84,81,99,32),(619,45,85,50,55,50,65),(620,65,125,60,95,60,105),(621,77,120,90,60,90,48),(622,59,74,50,35,50,35),(623,89,124,80,55,80,55),(624,45,85,70,40,40,60),(625,65,125,100,60,70,70),(626,95,110,95,40,95,55),(627,70,83,50,37,50,60),(628,100,123,75,57,75,80),(629,70,55,75,45,65,60),(630,110,65,105,55,95,80),(631,85,97,66,105,66,65),(632,58,109,112,48,48,109),(633,52,65,50,45,50,38),(634,72,85,70,65,70,58),(635,92,105,90,125,90,98),(636,55,85,55,50,55,60),(637,85,60,65,135,105,100),(638,91,90,129,90,72,108),(639,91,129,90,72,90,108),(640,91,90,72,90,129,108),(641,79,115,70,125,80,111),(642,79,115,70,125,80,111),(643,100,120,100,150,120,90),(644,100,150,120,120,100,90),(645,89,125,90,115,80,101),(646,125,130,90,130,90,95),(647,91,72,90,129,90,108),(648,100,77,77,128,128,90),(649,71,120,95,120,85,99),(650,56,61,65,48,45,33),(651,61,78,95,56,58,57),(652,88,107,122,74,75,64),(653,40,45,40,62,60,60),(654,59,59,58,90,70,73),(655,75,69,72,114,100,104),(656,41,56,40,62,44,71),(657,54,63,52,83,56,97),(658,72,95,67,103,71,122),(659,38,36,38,32,36,57),(660,85,56,77,50,77,78),(661,45,50,43,40,38,62),(662,62,73,55,56,52,84),(663,78,81,71,74,69,126),(664,38,35,40,27,25,35),(665,45,22,60,27,30,29),(666,80,52,50,90,50,89),(667,62,50,58,73,54,72),(668,86,68,72,109,66,106),(669,44,38,39,61,79,42),(670,54,45,47,75,98,52),(671,78,65,68,112,154,75),(672,66,65,48,62,57,52),(673,123,100,62,97,81,68),(674,67,82,62,46,48,43),(675,95,124,78,69,71,58),(676,75,80,60,65,90,102),(677,62,48,54,63,60,68),(678,74,48,76,83,81,104),(679,45,80,100,35,37,28),(680,59,110,150,45,49,35),(681,60,150,50,150,50,60),(682,78,52,60,63,65,23),(683,101,72,72,99,89,29),(684,62,48,66,59,57,49),(685,82,80,86,85,75,72),(686,53,54,37,46,45,45),(687,86,92,88,68,75,73),(688,42,52,67,39,56,50),(689,72,105,115,54,86,68),(690,50,60,60,60,60,30),(691,65,75,90,97,123,44),(692,50,53,62,58,63,44),(693,71,73,88,120,89,59),(694,44,38,33,61,43,70),(695,62,55,52,109,94,109),(696,58,89,77,45,45,48),(697,82,121,119,69,59,71),(698,77,59,50,67,63,46),(699,123,77,72,99,92,58),(700,95,65,65,110,130,60),(701,78,92,75,74,63,118),(702,67,58,57,81,67,101),(703,50,50,150,50,150,50),(704,45,50,35,55,75,40),(705,68,75,53,83,113,60),(706,90,100,70,110,150,80),(707,57,80,91,80,87,75),(708,43,70,48,50,60,38),(709,85,110,76,65,82,56),(710,44,66,70,44,55,56),(711,55,85,122,58,75,99),(712,55,69,85,32,35,28),(713,95,117,184,44,46,28),(714,40,30,35,45,40,55),(715,85,70,80,97,80,123),(716,126,131,95,131,98,99),(717,126,131,95,131,98,99),(718,108,100,121,81,95,95),(719,50,100,150,100,150,50),(720,80,110,60,150,130,70),(721,80,110,120,130,90,70);
/*!40000 ALTER TABLE `base_stats` ENABLE KEYS */;
UNLOCK TABLES;

--
-- Table structure for table `pokemon`
--

DROP TABLE IF EXISTS `pokemon`;
/*!40101 SET @saved_cs_client     = @@character_set_client */;
/*!50503 SET character_set_client = utf8mb4 */;
CREATE TABLE `pokemon` (
  `id` int NOT NULL AUTO_INCREMENT,
  `name` varchar(79) NOT NULL,
  `height` int DEFAULT NULL,
  `weight` int DEFAULT NULL,
  `base_experience` int DEFAULT NULL,
  PRIMARY KEY (`id`)
) ENGINE=InnoDB AUTO_INCREMENT=724 DEFAULT CHARSET=utf8mb3;
/*!40101 SET character_set_client = @saved_cs_client */;

--
-- Dumping data for table `pokemon`
--

LOCK TABLES `pokemon` WRITE;
/*!40000 ALTER TABLE `pokemon` DISABLE KEYS */;
INSERT INTO `pokemon` VALUES (1,'bulbasaur',7,69,64),(2,'ivysaur',10,130,142),(3,'venusaur',20,1000,236),(4,'charmander',6,85,62),(5,'charmeleon',11,190,142),(6,'charizard',17,905,240),(7,'squirtle',5,90,63),(8,'wartortle',10,225,142),(9,'blastoise',16,855,239),(10,'caterpie',3,29,39),(11,'metapod',7,99,72),(12,'butterfree',11,320,178),(13,'weedle',3,32,39),(14,'kakuna',6,100,72),(15,'beedrill',10,295,178),(16,'pidgey',3,18,50),(17,'pidgeotto',11,300,122),(18,'pidgeot',15,395,216),(19,'rattata',3,35,51),(20,'raticate',7,185,145),(21,'spearow',3,20,52),(22,'fearow',12,380,155),(23,'ekans',20,69,58),(24,'arbok',35,650,153),(25,'pikachu',4,60,112),(26,'raichu',8,300,218),(27,'sandshrew',6,120,60),(28,'sandslash',10,295,158),(29,'nidoran-f',4,70,55),(30,'nidorina',8,200,128),(31,'nidoqueen',13,600,227),(32,'nidoran-m',5,90,55),(33,'nidorino',9,195,128),(34,'nidoking',14,620,227),(35,'clefairy',6,75,113),(36,'clefable',13,400,217),(37,'vulpix',6,99,60),(38,'ninetales',11,199,177),(39,'jigglypuff',5,55,95),(40,'wigglytuff',10,120,196),(41,'zubat',8,75,49),(42,'golbat',16,550,159),(43,'oddish',5,54,64),(44,'gloom',8,86,138),(45,'vileplume',12,186,221),(46,'paras',3,54,57),(47,'parasect',10,295,142),(48,'venonat',10,300,61),(49,'venomoth',15,125,158),(50,'diglett',2,8,53),(51,'dugtrio',7,333,142),(52,'meowth',4,42,58),(53,'persian',10,320,154),(54,'psyduck',8,196,64),(55,'golduck',17,766,175),(56,'mankey',5,280,61),(57,'primeape',10,320,159),(58,'growlithe',7,190,70),(59,'arcanine',19,1550,194),(60,'poliwag',6,124,60),(61,'poliwhirl',10,200,135),(62,'poliwrath',13,540,230),(63,'abra',9,195,62),(64,'kadabra',13,565,140),(65,'alakazam',15,480,225),(66,'machop',8,195,61),(67,'machoke',15,705,142),(68,'machamp',16,1300,227),(69,'bellsprout',7,40,60),(70,'weepinbell',10,64,137),(71,'victreebel',17,155,221),(72,'tentacool',9,455,67),(73,'tentacruel',16,550,180),(74,'geodude',4,200,60),(75,'graveler',10,1050,137),(76,'golem',14,3000,223),(77,'ponyta',10,300,82),(78,'rapidash',17,950,175),(79,'slowpoke',12,360,63),(80,'slowbro',16,785,172),(81,'magnemite',3,60,65),(82,'magneton',10,600,163),(83,'farfetchd',8,150,123),(84,'doduo',14,392,62),(85,'dodrio',18,852,161),(86,'seel',11,900,65),(87,'dewgong',17,1200,166),(88,'grimer',9,300,65),(89,'muk',12,300,175),(90,'shellder',3,40,61),(91,'cloyster',15,1325,184),(92,'gastly',13,1,62),(93,'haunter',16,1,142),(94,'gengar',15,405,225),(95,'onix',88,2100,77),(96,'drowzee',10,324,66),(97,'hypno',16,756,169),(98,'krabby',4,65,65),(99,'kingler',13,600,166),(100,'voltorb',5,104,66),(101,'electrode',12,666,168),(102,'exeggcute',4,25,65),(103,'exeggutor',20,1200,182),(104,'cubone',4,65,64),(105,'marowak',10,450,149),(106,'hitmonlee',15,498,159),(107,'hitmonchan',14,502,159),(108,'lickitung',12,655,77),(109,'koffing',6,10,68),(110,'weezing',12,95,172),(111,'rhyhorn',10,1150,69),(112,'rhydon',19,1200,170),(113,'chansey',11,346,395),(114,'tangela',10,350,87),(115,'kangaskhan',22,800,172),(116,'horsea',4,80,59),(117,'seadra',12,250,154),(118,'goldeen',6,150,64),(119,'seaking',13,390,158),(120,'staryu',8,345,68),(121,'starmie',11,800,182),(122,'mr-mime',13,545,161),(123,'scyther',15,560,100),(124,'jynx',14,406,159),(125,'electabuzz',11,300,172),(126,'magmar',13,445,173),(127,'pinsir',15,550,175),(128,'tauros',14,884,172),(129,'magikarp',9,100,40),(130,'gyarados',65,2350,189),(131,'lapras',25,2200,187),(132,'ditto',3,40,101),(133,'eevee',3,65,65),(134,'vaporeon',10,290,184),(135,'jolteon',8,245,184),(136,'flareon',9,250,184),(137,'porygon',8,365,79),(138,'omanyte',4,75,71),(139,'omastar',10,350,173),(140,'kabuto',5,115,71),(141,'kabutops',13,405,173),(142,'aerodactyl',18,590,180),(143,'snorlax',21,4600,189),(144,'articuno',17,554,261),(145,'zapdos',16,526,261),(146,'moltres',20,600,261),(147,'dratini',18,33,60),(148,'dragonair',40,165,147),(149,'dragonite',22,2100,270),(150,'mewtwo',20,1220,306),(151,'mew',4,40,270),(152,'chikorita',9,64,64),(153,'bayleef',12,158,142),(154,'meganium',18,1005,236),(155,'cyndaquil',5,79,62),(156,'quilava',9,190,142),(157,'typhlosion',17,795,240),(158,'totodile',6,95,63),(159,'croconaw',11,250,142),(160,'feraligatr',23,888,239),(161,'sentret',8,60,43),(162,'furret',18,325,145),(163,'hoothoot',7,212,52),(164,'noctowl',16,408,155),(165,'ledyba',10,108,53),(166,'ledian',14,356,137),(167,'spinarak',5,85,50),(168,'ariados',11,335,137),(169,'crobat',18,750,241),(170,'chinchou',5,120,66),(171,'lanturn',12,225,161),(172,'pichu',3,20,41),(173,'cleffa',3,30,44),(174,'igglybuff',3,10,42),(175,'togepi',3,15,49),(176,'togetic',6,32,142),(177,'natu',2,20,64),(178,'xatu',15,150,165),(179,'mareep',6,78,56),(180,'flaaffy',8,133,128),(181,'ampharos',14,615,230),(182,'bellossom',4,58,221),(183,'marill',4,85,88),(184,'azumarill',8,285,189),(185,'sudowoodo',12,380,144),(186,'politoed',11,339,225),(187,'hoppip',4,5,50),(188,'skiploom',6,10,119),(189,'jumpluff',8,30,207),(190,'aipom',8,115,72),(191,'sunkern',3,18,36),(192,'sunflora',8,85,149),(193,'yanma',12,380,78),(194,'wooper',4,85,42),(195,'quagsire',14,750,151),(196,'espeon',9,265,184),(197,'umbreon',10,270,184),(198,'murkrow',5,21,81),(199,'slowking',20,795,172),(200,'misdreavus',7,10,87),(201,'unown',5,50,118),(202,'wobbuffet',13,285,142),(203,'girafarig',15,415,159),(204,'pineco',6,72,58),(205,'forretress',12,1258,163),(206,'dunsparce',15,140,145),(207,'gligar',11,648,86),(208,'steelix',92,4000,179),(209,'snubbull',6,78,60),(210,'granbull',14,487,158),(211,'qwilfish',5,39,86),(212,'scizor',18,1180,175),(213,'shuckle',6,205,177),(214,'heracross',15,540,175),(215,'sneasel',9,280,86),(216,'teddiursa',6,88,66),(217,'ursaring',18,1258,175),(218,'slugma',7,350,50),(219,'magcargo',8,550,144),(220,'swinub',4,65,50),(221,'piloswine',11,558,158),(222,'corsola',6,50,133),(223,'remoraid',6,120,60),(224,'octillery',9,285,168),(225,'delibird',9,160,116),(226,'mantine',21,2200,163),(227,'skarmory',17,505,163),(228,'houndour',6,108,66),(229,'houndoom',14,350,175),(230,'kingdra',18,1520,243),(231,'phanpy',5,335,66),(232,'donphan',11,1200,175),(233,'porygon2',6,325,180),(234,'stantler',14,712,163),(235,'smeargle',12,580,88),(236,'tyrogue',7,210,42),(237,'hitmontop',14,480,159),(238,'smoochum',4,60,61),(239,'elekid',6,235,72),(240,'magby',7,214,73),(241,'miltank',12,755,172),(242,'blissey',15,468,608),(243,'raikou',19,1780,261),(244,'entei',21,1980,261),(245,'suicune',20,1870,261),(246,'larvitar',6,720,60),(247,'pupitar',12,1520,144),(248,'tyranitar',20,2020,270),(249,'lugia',52,2160,306),(250,'ho-oh',38,1990,306),(251,'celebi',6,50,270),(252,'treecko',5,50,62),(253,'grovyle',9,216,142),(254,'sceptile',17,522,239),(255,'torchic',4,25,62),(256,'combusken',9,195,142),(257,'blaziken',19,520,239),(258,'mudkip',4,76,62),(259,'marshtomp',7,280,142),(260,'swampert',15,819,241),(261,'poochyena',5,136,44),(262,'mightyena',10,370,147),(263,'zigzagoon',4,175,48),(264,'linoone',5,325,147),(265,'wurmple',3,36,39),(266,'silcoon',6,100,72),(267,'beautifly',10,284,178),(268,'cascoon',7,115,41),(269,'dustox',12,316,135),(270,'lotad',5,26,44),(271,'lombre',12,325,119),(272,'ludicolo',15,550,216),(273,'seedot',5,40,44),(274,'nuzleaf',10,280,119),(275,'shiftry',13,596,216),(276,'taillow',3,23,54),(277,'swellow',7,198,151),(278,'wingull',6,95,54),(279,'pelipper',12,280,151),(280,'ralts',4,66,40),(281,'kirlia',8,202,97),(282,'gardevoir',16,484,233),(283,'surskit',5,17,54),(284,'masquerain',8,36,145),(285,'shroomish',4,45,59),(286,'breloom',12,392,161),(287,'slakoth',8,240,56),(288,'vigoroth',14,465,154),(289,'slaking',20,1305,252),(290,'nincada',5,55,53),(291,'ninjask',8,120,160),(292,'shedinja',8,12,83),(293,'whismur',6,163,48),(294,'loudred',10,405,126),(295,'exploud',15,840,221),(296,'makuhita',10,864,47),(297,'hariyama',23,2538,166),(298,'azurill',2,20,38),(299,'nosepass',10,970,75),(300,'skitty',6,110,52),(301,'delcatty',11,326,133),(302,'sableye',5,110,133),(303,'mawile',6,115,133),(304,'aron',4,600,66),(305,'lairon',9,1200,151),(306,'aggron',21,3600,239),(307,'meditite',6,112,56),(308,'medicham',13,315,144),(309,'electrike',6,152,59),(310,'manectric',15,402,166),(311,'plusle',4,42,142),(312,'minun',4,42,142),(313,'volbeat',7,177,140),(314,'illumise',6,177,140),(315,'roselia',3,20,140),(316,'gulpin',4,103,60),(317,'swalot',17,800,163),(318,'carvanha',8,208,61),(319,'sharpedo',18,888,161),(320,'wailmer',20,1300,80),(321,'wailord',145,3980,175),(322,'numel',7,240,61),(323,'camerupt',19,2200,161),(324,'torkoal',5,804,165),(325,'spoink',7,306,66),(326,'grumpig',9,715,165),(327,'spinda',11,50,126),(328,'trapinch',7,150,58),(329,'vibrava',11,153,119),(330,'flygon',20,820,234),(331,'cacnea',4,513,67),(332,'cacturne',13,774,166),(333,'swablu',4,12,62),(334,'altaria',11,206,172),(335,'zangoose',13,403,160),(336,'seviper',27,525,160),(337,'lunatone',10,1680,154),(338,'solrock',12,1540,154),(339,'barboach',4,19,58),(340,'whiscash',9,236,164),(341,'corphish',6,115,62),(342,'crawdaunt',11,328,164),(343,'baltoy',5,215,60),(344,'claydol',15,1080,175),(345,'lileep',10,238,71),(346,'cradily',15,604,173),(347,'anorith',7,125,71),(348,'armaldo',15,682,173),(349,'feebas',6,74,40),(350,'milotic',62,1620,189),(351,'castform',3,8,147),(352,'kecleon',10,220,154),(353,'shuppet',6,23,59),(354,'banette',11,125,159),(355,'duskull',8,150,59),(356,'dusclops',16,306,159),(357,'tropius',20,1000,161),(358,'chimecho',6,10,149),(359,'absol',12,470,163),(360,'wynaut',6,140,52),(361,'snorunt',7,168,60),(362,'glalie',15,2565,168),(363,'spheal',8,395,58),(364,'sealeo',11,876,144),(365,'walrein',14,1506,239),(366,'clamperl',4,525,69),(367,'huntail',17,270,170),(368,'gorebyss',18,226,170),(369,'relicanth',10,234,170),(370,'luvdisc',6,87,116),(371,'bagon',6,421,60),(372,'shelgon',11,1105,147),(373,'salamence',15,1026,270),(374,'beldum',6,952,60),(375,'metang',12,2025,147),(376,'metagross',16,5500,270),(377,'regirock',17,2300,261),(378,'regice',18,1750,261),(379,'registeel',19,2050,261),(380,'latias',14,400,270),(381,'latios',20,600,270),(382,'kyogre',45,3520,302),(383,'groudon',35,9500,302),(384,'rayquaza',70,2065,306),(385,'jirachi',3,11,270),(386,'deoxys-normal',17,608,270),(387,'turtwig',4,102,64),(388,'grotle',11,970,142),(389,'torterra',22,3100,236),(390,'chimchar',5,62,62),(391,'monferno',9,220,142),(392,'infernape',12,550,240),(393,'piplup',4,52,63),(394,'prinplup',8,230,142),(395,'empoleon',17,845,239),(396,'starly',3,20,49),(397,'staravia',6,155,119),(398,'staraptor',12,249,218),(399,'bidoof',5,200,50),(400,'bibarel',10,315,144),(401,'kricketot',3,22,39),(402,'kricketune',10,255,134),(403,'shinx',5,95,53),(404,'luxio',9,305,127),(405,'luxray',14,420,235),(406,'budew',2,12,56),(407,'roserade',9,145,232),(408,'cranidos',9,315,70),(409,'rampardos',16,1025,173),(410,'shieldon',5,570,70),(411,'bastiodon',13,1495,173),(412,'burmy',2,34,45),(413,'wormadam-plant',5,65,148),(414,'mothim',9,233,148),(415,'combee',3,55,49),(416,'vespiquen',12,385,166),(417,'pachirisu',4,39,142),(418,'buizel',7,295,66),(419,'floatzel',11,335,173),(420,'cherubi',4,33,55),(421,'cherrim',5,93,158),(422,'shellos',3,63,65),(423,'gastrodon',9,299,166),(424,'ambipom',12,203,169),(425,'drifloon',4,12,70),(426,'drifblim',12,150,174),(427,'buneary',4,55,70),(428,'lopunny',12,333,168),(429,'mismagius',9,44,173),(430,'honchkrow',9,273,177),(431,'glameow',5,39,62),(432,'purugly',10,438,158),(433,'chingling',2,6,57),(434,'stunky',4,192,66),(435,'skuntank',10,380,168),(436,'bronzor',5,605,60),(437,'bronzong',13,1870,175),(438,'bonsly',5,150,58),(439,'mime-jr',6,130,62),(440,'happiny',6,244,110),(441,'chatot',5,19,144),(442,'spiritomb',10,1080,170),(443,'gible',7,205,60),(444,'gabite',14,560,144),(445,'garchomp',19,950,270),(446,'munchlax',6,1050,78),(447,'riolu',7,202,57),(448,'lucario',12,540,184),(449,'hippopotas',8,495,66),(450,'hippowdon',20,3000,184),(451,'skorupi',8,120,66),(452,'drapion',13,615,175),(453,'croagunk',7,230,60),(454,'toxicroak',13,444,172),(455,'carnivine',14,270,159),(456,'finneon',4,70,66),(457,'lumineon',12,240,161),(458,'mantyke',10,650,69),(459,'snover',10,505,67),(460,'abomasnow',22,1355,173),(461,'weavile',11,340,179),(462,'magnezone',12,1800,241),(463,'lickilicky',17,1400,180),(464,'rhyperior',24,2828,241),(465,'tangrowth',20,1286,187),(466,'electivire',18,1386,243),(467,'magmortar',16,680,243),(468,'togekiss',15,380,245),(469,'yanmega',19,515,180),(470,'leafeon',10,255,184),(471,'glaceon',8,259,184),(472,'gliscor',20,425,179),(473,'mamoswine',25,2910,239),(474,'porygon-z',9,340,241),(475,'gallade',16,520,233),(476,'probopass',14,3400,184),(477,'dusknoir',22,1066,236),(478,'froslass',13,266,168),(479,'rotom',3,3,154),(480,'uxie',3,3,261),(481,'mesprit',3,3,261),(482,'azelf',3,3,261),(483,'dialga',54,6830,306),(484,'palkia',42,3360,306),(485,'heatran',17,4300,270),(486,'regigigas',37,4200,302),(487,'giratina-altered',45,7500,306),(488,'cresselia',15,856,270),(489,'phione',4,31,216),(490,'manaphy',3,14,270),(491,'darkrai',15,505,270),(492,'shaymin-land',2,21,270),(493,'arceus',32,3200,324),(494,'victini',4,40,270),(495,'snivy',6,81,62),(496,'servine',8,160,145),(497,'serperior',33,630,238),(498,'tepig',5,99,62),(499,'pignite',10,555,146),(500,'emboar',16,1500,238),(501,'oshawott',5,59,62),(502,'dewott',8,245,145),(503,'samurott',15,946,238),(504,'patrat',5,116,51),(505,'watchog',11,270,147),(506,'lillipup',4,41,55),(507,'herdier',9,147,130),(508,'stoutland',12,610,225),(509,'purrloin',4,101,56),(510,'liepard',11,375,156),(511,'pansage',6,105,63),(512,'simisage',11,305,174),(513,'pansear',6,110,63),(514,'simisear',10,280,174),(515,'panpour',6,135,63),(516,'simipour',10,290,174),(517,'munna',6,233,58),(518,'musharna',11,605,170),(519,'pidove',3,21,53),(520,'tranquill',6,150,125),(521,'unfezant',12,290,220),(522,'blitzle',8,298,59),(523,'zebstrika',16,795,174),(524,'roggenrola',4,180,56),(525,'boldore',9,1020,137),(526,'gigalith',17,2600,232),(527,'woobat',4,21,63),(528,'swoobat',9,105,149),(529,'drilbur',3,85,66),(530,'excadrill',7,404,178),(531,'audino',11,310,390),(532,'timburr',6,125,61),(533,'gurdurr',12,400,142),(534,'conkeldurr',14,870,227),(535,'tympole',5,45,59),(536,'palpitoad',8,170,134),(537,'seismitoad',15,620,229),(538,'throh',13,555,163),(539,'sawk',14,510,163),(540,'sewaddle',3,25,62),(541,'swadloon',5,73,133),(542,'leavanny',12,205,225),(543,'venipede',4,53,52),(544,'whirlipede',12,585,126),(545,'scolipede',25,2005,218),(546,'cottonee',3,6,56),(547,'whimsicott',7,66,168),(548,'petilil',5,66,56),(549,'lilligant',11,163,168),(550,'basculin-red-striped',10,180,161),(551,'sandile',7,152,58),(552,'krokorok',10,334,123),(553,'krookodile',15,963,234),(554,'darumaka',6,375,63),(555,'darmanitan-standard',13,929,168),(556,'maractus',10,280,161),(557,'dwebble',3,145,65),(558,'crustle',14,2000,166),(559,'scraggy',6,118,70),(560,'scrafty',11,300,171),(561,'sigilyph',14,140,172),(562,'yamask',5,15,61),(563,'cofagrigus',17,765,169),(564,'tirtouga',7,165,71),(565,'carracosta',12,810,173),(566,'archen',5,95,71),(567,'archeops',14,320,177),(568,'trubbish',6,310,66),(569,'garbodor',19,1073,166),(570,'zorua',7,125,66),(571,'zoroark',16,811,179),(572,'minccino',4,58,60),(573,'cinccino',5,75,165),(574,'gothita',4,58,58),(575,'gothorita',7,180,137),(576,'gothitelle',15,440,221),(577,'solosis',3,10,58),(578,'duosion',6,80,130),(579,'reuniclus',10,201,221),(580,'ducklett',5,55,61),(581,'swanna',13,242,166),(582,'vanillite',4,57,61),(583,'vanillish',11,410,138),(584,'vanilluxe',13,575,241),(585,'deerling',6,195,67),(586,'sawsbuck',19,925,166),(587,'emolga',4,50,150),(588,'karrablast',5,59,63),(589,'escavalier',10,330,173),(590,'foongus',2,10,59),(591,'amoonguss',6,105,162),(592,'frillish',12,330,67),(593,'jellicent',22,1350,168),(594,'alomomola',12,316,165),(595,'joltik',1,6,64),(596,'galvantula',8,143,165),(597,'ferroseed',6,188,61),(598,'ferrothorn',10,1100,171),(599,'klink',3,210,60),(600,'klang',6,510,154),(601,'klinklang',6,810,234),(602,'tynamo',2,3,55),(603,'eelektrik',12,220,142),(604,'eelektross',21,805,232),(605,'elgyem',5,90,67),(606,'beheeyem',10,345,170),(607,'litwick',3,31,55),(608,'lampent',6,130,130),(609,'chandelure',10,343,234),(610,'axew',6,180,64),(611,'fraxure',10,360,144),(612,'haxorus',18,1055,243),(613,'cubchoo',5,85,61),(614,'beartic',26,2600,170),(615,'cryogonal',11,1480,170),(616,'shelmet',4,77,61),(617,'accelgor',8,253,173),(618,'stunfisk',7,110,165),(619,'mienfoo',9,200,70),(620,'mienshao',14,355,179),(621,'druddigon',16,1390,170),(622,'golett',10,920,61),(623,'golurk',28,3300,169),(624,'pawniard',5,102,68),(625,'bisharp',16,700,172),(626,'bouffalant',16,946,172),(627,'rufflet',5,105,70),(628,'braviary',15,410,179),(629,'vullaby',5,90,74),(630,'mandibuzz',12,395,179),(631,'heatmor',14,580,169),(632,'durant',3,330,169),(633,'deino',8,173,60),(634,'zweilous',14,500,147),(635,'hydreigon',18,1600,270),(636,'larvesta',11,288,72),(637,'volcarona',16,460,248),(638,'cobalion',21,2500,261),(639,'terrakion',19,2600,261),(640,'virizion',20,2000,261),(641,'tornadus-incarnate',15,630,261),(642,'thundurus-incarnate',15,610,261),(643,'reshiram',32,3300,306),(644,'zekrom',29,3450,306),(645,'landorus-incarnate',15,680,270),(646,'kyurem',30,3250,297),(647,'keldeo-ordinary',14,485,261),(648,'meloetta-aria',6,65,270),(649,'genesect',15,825,270),(650,'chespin',4,90,63),(651,'quilladin',7,290,142),(652,'chesnaught',16,900,239),(653,'fennekin',4,94,61),(654,'braixen',10,145,143),(655,'delphox',15,390,240),(656,'froakie',3,70,63),(657,'frogadier',6,109,142),(658,'greninja',15,400,239),(659,'bunnelby',4,50,47),(660,'diggersby',10,424,148),(661,'fletchling',3,17,56),(662,'fletchinder',7,160,134),(663,'talonflame',12,245,175),(664,'scatterbug',3,25,40),(665,'spewpa',3,84,75),(666,'vivillon',12,170,185),(667,'litleo',6,135,74),(668,'pyroar',15,815,177),(669,'flabebe',1,1,61),(670,'floette',2,9,130),(671,'florges',11,100,248),(672,'skiddo',9,310,70),(673,'gogoat',17,910,186),(674,'pancham',6,80,70),(675,'pangoro',21,1360,173),(676,'furfrou',12,280,165),(677,'espurr',3,35,71),(678,'meowstic-male',6,85,163),(679,'honedge',8,20,65),(680,'doublade',8,45,157),(681,'aegislash-shield',17,530,234),(682,'spritzee',2,5,68),(683,'aromatisse',8,155,162),(684,'swirlix',4,35,68),(685,'slurpuff',8,50,168),(686,'inkay',4,35,58),(687,'malamar',15,470,169),(688,'binacle',5,310,61),(689,'barbaracle',13,960,175),(690,'skrelp',5,73,64),(691,'dragalge',18,815,173),(692,'clauncher',5,83,66),(693,'clawitzer',13,353,100),(694,'helioptile',5,60,58),(695,'heliolisk',10,210,168),(696,'tyrunt',8,260,72),(697,'tyrantrum',25,2700,182),(698,'amaura',13,252,72),(699,'aurorus',27,2250,104),(700,'sylveon',10,235,184),(701,'hawlucha',8,215,175),(702,'dedenne',2,22,151),(703,'carbink',3,57,100),(704,'goomy',3,28,60),(705,'sliggoo',8,175,158),(706,'goodra',20,1505,270),(707,'klefki',2,30,165),(708,'phantump',4,70,62),(709,'trevenant',15,710,166),(710,'pumpkaboo-average',4,50,67),(711,'gourgeist-average',9,125,173),(712,'bergmite',10,995,61),(713,'avalugg',20,5050,180),(714,'noibat',5,80,49),(715,'noivern',15,850,187),(716,'xerneas',30,2150,306),(717,'yveltal',58,2030,306),(718,'zygarde',50,3050,270),(719,'diancie',7,88,270),(720,'hoopa',5,90,270),(721,'volcanion',17,1950,270),(722,'popplio',0,0,0);
/*!40000 ALTER TABLE `pokemon` ENABLE KEYS */;
UNLOCK TABLES;

--
-- Table structure for table `pokemon_abilities`
--

DROP TABLE IF EXISTS `pokemon_abilities`;
/*!40101 SET @saved_cs_client     = @@character_set_client */;
/*!50503 SET character_set_client = utf8mb4 */;
CREATE TABLE `pokemon_abilities` (
  `pokemon_id` int NOT NULL,
  `ability_id` int NOT NULL,
  `is_hidden` tinyint(1) NOT NULL,
  `slot` int NOT NULL,
  PRIMARY KEY (`pokemon_id`,`slot`),
  KEY `abil_id` (`ability_id`),
  KEY `ix_pokemon_abilities_is_hidden` (`is_hidden`),
  CONSTRAINT `pokemon_abilities_ibfk_1` FOREIGN KEY (`pokemon_id`) REFERENCES `pokemon` (`id`),
  CONSTRAINT `pokemon_abilities_ibfk_2` FOREIGN KEY (`ability_id`) REFERENCES `abilities` (`id`)
) ENGINE=InnoDB DEFAULT CHARSET=utf8mb3;
/*!40101 SET character_set_client = @saved_cs_client */;

--
-- Dumping data for table `pokemon_abilities`
--

LOCK TABLES `pokemon_abilities` WRITE;
/*!40000 ALTER TABLE `pokemon_abilities` DISABLE KEYS */;
INSERT INTO `pokemon_abilities` VALUES (1,65,0,1),(1,34,1,3),(2,65,0,1),(2,34,1,3),(3,65,0,1),(3,34,1,3),(4,66,0,1),(4,94,1,3),(5,66,0,1),(5,94,1,3),(6,66,0,1),(6,94,1,3),(7,67,0,1),(7,44,1,3),(8,67,0,1),(8,44,1,3),(9,67,0,1),(9,44,1,3),(10,19,0,1),(10,50,1,3),(11,61,0,1),(12,14,0,1),(12,110,1,3),(13,19,0,1),(13,50,1,3),(14,61,0,1),(15,68,0,1),(15,97,1,3),(16,51,0,1),(16,77,0,2),(16,145,1,3),(17,51,0,1),(17,77,0,2),(17,145,1,3),(18,51,0,1),(18,77,0,2),(18,145,1,3),(19,50,0,1),(19,62,0,2),(19,55,1,3),(20,50,0,1),(20,62,0,2),(20,55,1,3),(21,51,0,1),(21,97,1,3),(22,51,0,1),(22,97,1,3),(23,22,0,1),(23,61,0,2),(23,127,1,3),(24,22,0,1),(24,61,0,2),(24,127,1,3),(25,9,0,1),(25,31,1,3),(26,9,0,1),(26,31,1,3),(27,8,0,1),(27,146,1,3),(28,8,0,1),(28,146,1,3),(29,38,0,1),(29,79,0,2),(29,55,1,3),(30,38,0,1),(30,79,0,2),(30,55,1,3),(31,38,0,1),(31,79,0,2),(31,125,1,3),(32,38,0,1),(32,79,0,2),(32,55,1,3),(33,38,0,1),(33,79,0,2),(33,55,1,3),(34,38,0,1),(34,79,0,2),(34,125,1,3),(35,56,0,1),(35,98,0,2),(35,132,1,3),(36,56,0,1),(36,98,0,2),(36,109,1,3),(37,18,0,1),(37,70,1,3),(38,18,0,1),(38,70,1,3),(39,56,0,1),(39,172,0,2),(39,132,1,3),(40,56,0,1),(40,172,0,2),(40,119,1,3),(41,39,0,1),(41,151,1,3),(42,39,0,1),(42,151,1,3),(43,34,0,1),(43,50,1,3),(44,34,0,1),(44,1,1,3),(45,34,0,1),(45,27,1,3),(46,27,0,1),(46,87,0,2),(46,6,1,3),(47,27,0,1),(47,87,0,2),(47,6,1,3),(48,14,0,1),(48,110,0,2),(48,50,1,3),(49,19,0,1),(49,110,0,2),(49,147,1,3),(50,8,0,1),(50,71,0,2),(50,159,1,3),(51,8,0,1),(51,71,0,2),(51,159,1,3),(52,53,0,1),(52,101,0,2),(52,127,1,3),(53,7,0,1),(53,101,0,2),(53,127,1,3),(54,6,0,1),(54,13,0,2),(54,33,1,3),(55,6,0,1),(55,13,0,2),(55,33,1,3),(56,72,0,1),(56,83,0,2),(56,128,1,3),(57,72,0,1),(57,83,0,2),(57,128,1,3),(58,22,0,1),(58,18,0,2),(58,154,1,3),(59,22,0,1),(59,18,0,2),(59,154,1,3),(60,11,0,1),(60,6,0,2),(60,33,1,3),(61,11,0,1),(61,6,0,2),(61,33,1,3),(62,11,0,1),(62,6,0,2),(62,33,1,3),(63,28,0,1),(63,39,0,2),(63,98,1,3),(64,28,0,1),(64,39,0,2),(64,98,1,3),(65,28,0,1),(65,39,0,2),(65,98,1,3),(66,62,0,1),(66,99,0,2),(66,80,1,3),(67,62,0,1),(67,99,0,2),(67,80,1,3),(68,62,0,1),(68,99,0,2),(68,80,1,3),(69,34,0,1),(69,82,1,3),(70,34,0,1),(70,82,1,3),(71,34,0,1),(71,82,1,3),(72,29,0,1),(72,64,0,2),(72,44,1,3),(73,29,0,1),(73,64,0,2),(73,44,1,3),(74,69,0,1),(74,5,0,2),(74,8,1,3),(75,69,0,1),(75,5,0,2),(75,8,1,3),(76,69,0,1),(76,5,0,2),(76,8,1,3),(77,50,0,1),(77,18,0,2),(77,49,1,3),(78,50,0,1),(78,18,0,2),(78,49,1,3),(79,12,0,1),(79,20,0,2),(79,144,1,3),(80,12,0,1),(80,20,0,2),(80,144,1,3),(81,42,0,1),(81,5,0,2),(81,148,1,3),(82,42,0,1),(82,5,0,2),(82,148,1,3),(83,51,0,1),(83,39,0,2),(83,128,1,3),(84,50,0,1),(84,48,0,2),(84,77,1,3),(85,50,0,1),(85,48,0,2),(85,77,1,3),(86,47,0,1),(86,93,0,2),(86,115,1,3),(87,47,0,1),(87,93,0,2),(87,115,1,3),(88,1,0,1),(88,60,0,2),(88,143,1,3),(89,1,0,1),(89,60,0,2),(89,143,1,3),(90,75,0,1),(90,92,0,2),(90,142,1,3),(91,75,0,1),(91,92,0,2),(91,142,1,3),(92,26,0,1),(93,26,0,1),(94,26,0,1),(95,69,0,1),(95,5,0,2),(95,133,1,3),(96,15,0,1),(96,108,0,2),(96,39,1,3),(97,15,0,1),(97,108,0,2),(97,39,1,3),(98,52,0,1),(98,75,0,2),(98,125,1,3),(99,52,0,1),(99,75,0,2),(99,125,1,3),(100,43,0,1),(100,9,0,2),(100,106,1,3),(101,43,0,1),(101,9,0,2),(101,106,1,3),(102,34,0,1),(102,139,1,3),(103,34,0,1),(103,139,1,3),(104,69,0,1),(104,31,0,2),(104,4,1,3),(105,69,0,1),(105,31,0,2),(105,4,1,3),(106,7,0,1),(106,120,0,2),(106,84,1,3),(107,51,0,1),(107,89,0,2),(107,39,1,3),(108,20,0,1),(108,12,0,2),(108,13,1,3),(109,26,0,1),(110,26,0,1),(111,31,0,1),(111,69,0,2),(111,120,1,3),(112,31,0,1),(112,69,0,2),(112,120,1,3),(113,30,0,1),(113,32,0,2),(113,131,1,3),(114,34,0,1),(114,102,0,2),(114,144,1,3),(115,48,0,1),(115,113,0,2),(115,39,1,3),(116,33,0,1),(116,97,0,2),(116,6,1,3),(117,38,0,1),(117,97,0,2),(117,6,1,3),(118,33,0,1),(118,41,0,2),(118,31,1,3),(119,33,0,1),(119,41,0,2),(119,31,1,3),(120,35,0,1),(120,30,0,2),(120,148,1,3),(121,35,0,1),(121,30,0,2),(121,148,1,3),(122,43,0,1),(122,111,0,2),(122,101,1,3),(123,68,0,1),(123,101,0,2),(123,80,1,3),(124,12,0,1),(124,108,0,2),(124,87,1,3),(125,9,0,1),(125,72,1,3),(126,49,0,1),(126,72,1,3),(127,52,0,1),(127,104,0,2),(127,153,1,3),(128,22,0,1),(128,83,0,2),(128,125,1,3),(129,33,0,1),(129,155,1,3),(130,22,0,1),(130,153,1,3),(131,11,0,1),(131,75,0,2),(131,93,1,3),(132,7,0,1),(132,150,1,3),(133,50,0,1),(133,91,0,2),(133,107,1,3),(134,11,0,1),(134,93,1,3),(135,10,0,1),(135,95,1,3),(136,18,0,1),(136,62,1,3),(137,36,0,1),(137,88,0,2),(137,148,1,3),(138,33,0,1),(138,75,0,2),(138,133,1,3),(139,33,0,1),(139,75,0,2),(139,133,1,3),(140,33,0,1),(140,4,0,2),(140,133,1,3),(141,33,0,1),(141,4,0,2),(141,133,1,3),(142,69,0,1),(142,46,0,2),(142,127,1,3),(143,17,0,1),(143,47,0,2),(143,82,1,3),(144,46,0,1),(144,81,1,3),(145,46,0,1),(145,9,1,3),(146,46,0,1),(146,49,1,3),(147,61,0,1),(147,63,1,3),(148,61,0,1),(148,63,1,3),(149,39,0,1),(149,136,1,3),(150,46,0,1),(150,127,1,3),(151,28,0,1),(152,65,0,1),(152,102,1,3),(153,65,0,1),(153,102,1,3),(154,65,0,1),(154,102,1,3),(155,66,0,1),(155,18,1,3),(156,66,0,1),(156,18,1,3),(157,66,0,1),(157,18,1,3),(158,67,0,1),(158,125,1,3),(159,67,0,1),(159,125,1,3),(160,67,0,1),(160,125,1,3),(161,50,0,1),(161,51,0,2),(161,119,1,3),(162,50,0,1),(162,51,0,2),(162,119,1,3),(163,15,0,1),(163,51,0,2),(163,110,1,3),(164,15,0,1),(164,51,0,2),(164,110,1,3),(165,68,0,1),(165,48,0,2),(165,155,1,3),(166,68,0,1),(166,48,0,2),(166,89,1,3),(167,68,0,1),(167,15,0,2),(167,97,1,3),(168,68,0,1),(168,15,0,2),(168,97,1,3),(169,39,0,1),(169,151,1,3),(170,10,0,1),(170,35,0,2),(170,11,1,3),(171,10,0,1),(171,35,0,2),(171,11,1,3),(172,9,0,1),(172,31,1,3),(173,56,0,1),(173,98,0,2),(173,132,1,3),(174,56,0,1),(174,172,0,2),(174,132,1,3),(175,55,0,1),(175,32,0,2),(175,105,1,3),(176,55,0,1),(176,32,0,2),(176,105,1,3),(177,28,0,1),(177,48,0,2),(177,156,1,3),(178,28,0,1),(178,48,0,2),(178,156,1,3),(179,9,0,1),(179,57,1,3),(180,9,0,1),(180,57,1,3),(181,9,0,1),(181,57,1,3),(182,34,0,1),(182,131,1,3),(183,47,0,1),(183,37,0,2),(183,157,1,3),(184,47,0,1),(184,37,0,2),(184,157,1,3),(185,5,0,1),(185,69,0,2),(185,155,1,3),(186,11,0,1),(186,6,0,2),(186,2,1,3),(187,34,0,1),(187,102,0,2),(187,151,1,3),(188,34,0,1),(188,102,0,2),(188,151,1,3),(189,34,0,1),(189,102,0,2),(189,151,1,3),(190,50,0,1),(190,53,0,2),(190,92,1,3),(191,34,0,1),(191,94,0,2),(191,48,1,3),(192,34,0,1),(192,94,0,2),(192,48,1,3),(193,3,0,1),(193,14,0,2),(193,119,1,3),(194,6,0,1),(194,11,0,2),(194,109,1,3),(195,6,0,1),(195,11,0,2),(195,109,1,3),(196,28,0,1),(196,156,1,3),(197,28,0,1),(197,39,1,3),(198,15,0,1),(198,105,0,2),(198,158,1,3),(199,12,0,1),(199,20,0,2),(199,144,1,3),(200,26,0,1),(201,26,0,1),(202,23,0,1),(202,140,1,3),(203,39,0,1),(203,48,0,2),(203,157,1,3),(204,5,0,1),(204,142,1,3),(205,5,0,1),(205,142,1,3),(206,32,0,1),(206,50,0,2),(206,155,1,3),(207,52,0,1),(207,8,0,2),(207,17,1,3),(208,69,0,1),(208,5,0,2),(208,125,1,3),(209,22,0,1),(209,50,0,2),(209,155,1,3),(210,22,0,1),(210,95,0,2),(210,155,1,3),(211,38,0,1),(211,33,0,2),(211,22,1,3),(212,68,0,1),(212,101,0,2),(212,135,1,3),(213,5,0,1),(213,82,0,2),(213,126,1,3),(214,68,0,1),(214,62,0,2),(214,153,1,3),(215,39,0,1),(215,51,0,2),(215,124,1,3),(216,53,0,1),(216,95,0,2),(216,118,1,3),(217,62,0,1),(217,95,0,2),(217,127,1,3),(218,40,0,1),(218,49,0,2),(218,133,1,3),(219,40,0,1),(219,49,0,2),(219,133,1,3),(220,12,0,1),(220,81,0,2),(220,47,1,3),(221,12,0,1),(221,81,0,2),(221,47,1,3),(222,55,0,1),(222,30,0,2),(222,144,1,3),(223,55,0,1),(223,97,0,2),(223,141,1,3),(224,21,0,1),(224,97,0,2),(224,141,1,3),(225,72,0,1),(225,55,0,2),(225,15,1,3),(226,33,0,1),(226,11,0,2),(226,41,1,3),(227,51,0,1),(227,5,0,2),(227,133,1,3),(228,48,0,1),(228,18,0,2),(228,127,1,3),(229,48,0,1),(229,18,0,2),(229,127,1,3),(230,33,0,1),(230,97,0,2),(230,6,1,3),(231,53,0,1),(231,8,1,3),(232,5,0,1),(232,8,1,3),(233,36,0,1),(233,88,0,2),(233,148,1,3),(234,22,0,1),(234,119,0,2),(234,157,1,3),(235,20,0,1),(235,101,0,2),(235,141,1,3),(236,62,0,1),(236,80,0,2),(236,72,1,3),(237,22,0,1),(237,101,0,2),(237,80,1,3),(238,12,0,1),(238,108,0,2),(238,93,1,3),(239,9,0,1),(239,72,1,3),(240,49,0,1),(240,72,1,3),(241,47,0,1),(241,113,0,2),(241,157,1,3),(242,30,0,1),(242,32,0,2),(242,131,1,3),(243,46,0,1),(243,10,1,3),(244,46,0,1),(244,18,1,3),(245,46,0,1),(245,11,1,3),(246,62,0,1),(246,8,1,3),(247,61,0,1),(248,45,0,1),(248,127,1,3),(249,46,0,1),(249,136,1,3),(250,46,0,1),(250,144,1,3),(251,30,0,1),(252,65,0,1),(252,84,1,3),(253,65,0,1),(253,84,1,3),(254,65,0,1),(254,84,1,3),(255,66,0,1),(255,3,1,3),(256,66,0,1),(256,3,1,3),(257,66,0,1),(257,3,1,3),(258,67,0,1),(258,6,1,3),(259,67,0,1),(259,6,1,3),(260,67,0,1),(260,6,1,3),(261,50,0,1),(261,95,0,2),(261,155,1,3),(262,22,0,1),(262,95,0,2),(262,153,1,3),(263,53,0,1),(263,82,0,2),(263,95,1,3),(264,53,0,1),(264,82,0,2),(264,95,1,3),(265,19,0,1),(265,50,1,3),(266,61,0,1),(267,68,0,1),(267,79,1,3),(268,61,0,1),(269,19,0,1),(269,14,1,3),(270,33,0,1),(270,44,0,2),(270,20,1,3),(271,33,0,1),(271,44,0,2),(271,20,1,3),(272,33,0,1),(272,44,0,2),(272,20,1,3),(273,34,0,1),(273,48,0,2),(273,124,1,3),(274,34,0,1),(274,48,0,2),(274,124,1,3),(275,34,0,1),(275,48,0,2),(275,124,1,3),(276,62,0,1),(276,113,1,3),(277,62,0,1),(277,113,1,3),(278,51,0,1),(278,44,1,3),(279,51,0,1),(279,44,1,3),(280,28,0,1),(280,36,0,2),(280,140,1,3),(281,28,0,1),(281,36,0,2),(281,140,1,3),(282,28,0,1),(282,36,0,2),(282,140,1,3),(283,33,0,1),(283,44,1,3),(284,22,0,1),(284,127,1,3),(285,27,0,1),(285,90,0,2),(285,95,1,3),(286,27,0,1),(286,90,0,2),(286,101,1,3),(287,54,0,1),(288,72,0,1),(289,54,0,1),(290,14,0,1),(290,50,1,3),(291,3,0,1),(291,151,1,3),(292,25,0,1),(293,43,0,1),(293,155,1,3),(294,43,0,1),(294,113,1,3),(295,43,0,1),(295,113,1,3),(296,47,0,1),(296,62,0,2),(296,125,1,3),(297,47,0,1),(297,62,0,2),(297,125,1,3),(298,47,0,1),(298,37,0,2),(298,157,1,3),(299,5,0,1),(299,42,0,2),(299,159,1,3),(300,56,0,1),(300,96,0,2),(300,147,1,3),(301,56,0,1),(301,96,0,2),(301,147,1,3),(302,51,0,1),(302,100,0,2),(302,158,1,3),(303,52,0,1),(303,22,0,2),(303,125,1,3),(304,5,0,1),(304,69,0,2),(304,134,1,3),(305,5,0,1),(305,69,0,2),(305,134,1,3),(306,5,0,1),(306,69,0,2),(306,134,1,3),(307,74,0,1),(307,140,1,3),(308,74,0,1),(308,140,1,3),(309,9,0,1),(309,31,0,2),(309,58,1,3),(310,9,0,1),(310,31,0,2),(310,58,1,3),(311,57,0,1),(311,31,1,3),(312,58,0,1),(312,10,1,3),(313,35,0,1),(313,68,0,2),(313,158,1,3),(314,12,0,1),(314,110,0,2),(314,158,1,3),(315,30,0,1),(315,38,0,2),(315,102,1,3),(316,64,0,1),(316,60,0,2),(316,82,1,3),(317,64,0,1),(317,60,0,2),(317,82,1,3),(318,24,0,1),(318,3,1,3),(319,24,0,1),(319,3,1,3),(320,41,0,1),(320,12,0,2),(320,46,1,3),(321,41,0,1),(321,12,0,2),(321,46,1,3),(322,12,0,1),(322,86,0,2),(322,20,1,3),(323,40,0,1),(323,116,0,2),(323,83,1,3),(324,73,0,1),(324,75,1,3),(325,47,0,1),(325,20,0,2),(325,82,1,3),(326,47,0,1),(326,20,0,2),(326,82,1,3),(327,20,0,1),(327,77,0,2),(327,126,1,3),(328,52,0,1),(328,71,0,2),(328,125,1,3),(329,26,0,1),(330,26,0,1),(331,8,0,1),(331,11,1,3),(332,8,0,1),(332,11,1,3),(333,30,0,1),(333,13,1,3),(334,30,0,1),(334,13,1,3),(335,17,0,1),(335,137,1,3),(336,61,0,1),(336,151,1,3),(337,26,0,1),(338,26,0,1),(339,12,0,1),(339,107,0,2),(339,93,1,3),(340,12,0,1),(340,107,0,2),(340,93,1,3),(341,52,0,1),(341,75,0,2),(341,91,1,3),(342,52,0,1),(342,75,0,2),(342,91,1,3),(343,26,0,1),(344,26,0,1),(345,21,0,1),(345,114,1,3),(346,21,0,1),(346,114,1,3),(347,4,0,1),(347,33,1,3),(348,4,0,1),(348,33,1,3),(349,33,0,1),(349,12,0,2),(349,91,1,3),(350,63,0,1),(350,172,0,2),(350,56,1,3),(351,59,0,1),(352,16,0,1),(352,168,1,3),(353,15,0,1),(353,119,0,2),(353,130,1,3),(354,15,0,1),(354,119,0,2),(354,130,1,3),(355,26,0,1),(355,119,1,3),(356,46,0,1),(356,119,1,3),(357,34,0,1),(357,94,0,2),(357,139,1,3),(358,26,0,1),(359,46,0,1),(359,105,0,2),(359,154,1,3),(360,23,0,1),(360,140,1,3),(361,39,0,1),(361,115,0,2),(361,141,1,3),(362,39,0,1),(362,115,0,2),(362,141,1,3),(363,47,0,1),(363,115,0,2),(363,12,1,3),(364,47,0,1),(364,115,0,2),(364,12,1,3),(365,47,0,1),(365,115,0,2),(365,12,1,3),(366,75,0,1),(366,155,1,3),(367,33,0,1),(367,41,1,3),(368,33,0,1),(368,93,1,3),(369,33,0,1),(369,69,0,2),(369,5,1,3),(370,33,0,1),(370,93,1,3),(371,69,0,1),(371,125,1,3),(372,69,0,1),(372,142,1,3),(373,22,0,1),(373,153,1,3),(374,29,0,1),(374,135,1,3),(375,29,0,1),(375,135,1,3),(376,29,0,1),(376,135,1,3),(377,29,0,1),(377,5,1,3),(378,29,0,1),(378,115,1,3),(379,29,0,1),(379,135,1,3),(380,26,0,1),(381,26,0,1),(382,2,0,1),(383,70,0,1),(384,76,0,1),(385,32,0,1),(386,46,0,1),(387,65,0,1),(387,75,1,3),(388,65,0,1),(388,75,1,3),(389,65,0,1),(389,75,1,3),(390,66,0,1),(390,89,1,3),(391,66,0,1),(391,89,1,3),(392,66,0,1),(392,89,1,3),(393,67,0,1),(393,128,1,3),(394,67,0,1),(394,128,1,3),(395,67,0,1),(395,128,1,3),(396,51,0,1),(396,120,1,3),(397,22,0,1),(397,120,1,3),(398,22,0,1),(398,120,1,3),(399,86,0,1),(399,109,0,2),(399,141,1,3),(400,86,0,1),(400,109,0,2),(400,141,1,3),(401,61,0,1),(401,50,1,3),(402,68,0,1),(402,101,1,3),(403,79,0,1),(403,22,0,2),(403,62,1,3),(404,79,0,1),(404,22,0,2),(404,62,1,3),(405,79,0,1),(405,22,0,2),(405,62,1,3),(406,30,0,1),(406,38,0,2),(406,102,1,3),(406,22,0,4),(407,30,0,1),(407,38,0,2),(407,101,1,3),(407,22,1,4),(408,104,0,1),(408,125,1,3),(408,22,1,4),(409,104,0,1),(409,125,1,3),(410,5,0,1),(410,43,1,3),(410,22,2,4),(411,5,0,1),(411,43,1,3),(411,79,2,4),(412,61,0,1),(412,142,1,3),(413,107,0,1),(413,142,1,3),(414,68,0,1),(414,110,1,3),(415,118,0,1),(415,55,1,3),(416,46,0,1),(416,127,1,3),(417,50,0,1),(417,53,0,2),(417,10,1,3),(418,33,0,1),(418,41,1,3),(419,33,0,1),(419,41,1,3),(420,34,0,1),(421,122,0,1),(422,60,0,1),(422,114,0,2),(422,159,1,3),(423,60,0,1),(423,114,0,2),(423,159,1,3),(424,101,0,1),(424,53,0,2),(424,92,1,3),(425,106,0,1),(425,84,0,2),(425,138,1,3),(426,106,0,1),(426,84,0,2),(426,138,1,3),(427,50,0,1),(427,103,0,2),(427,7,1,3),(428,56,0,1),(428,103,0,2),(428,7,1,3),(429,26,0,1),(430,15,0,1),(430,105,0,2),(430,153,1,3),(431,7,0,1),(431,20,0,2),(431,51,1,3),(432,47,0,1),(432,20,0,2),(432,128,1,3),(433,26,0,1),(434,1,0,1),(434,106,0,2),(434,51,1,3),(435,1,0,1),(435,106,0,2),(435,51,1,3),(436,26,0,1),(436,85,0,2),(436,134,1,3),(437,26,0,1),(437,85,0,2),(437,134,1,3),(438,5,0,1),(438,69,0,2),(438,155,1,3),(439,43,0,1),(439,111,0,2),(439,101,1,3),(440,30,0,1),(440,32,0,2),(440,132,1,3),(441,51,0,1),(441,77,0,2),(441,145,1,3),(442,46,0,1),(442,151,1,3),(443,8,0,1),(443,24,1,3),(444,8,0,1),(444,24,1,3),(445,8,0,1),(445,24,1,3),(446,53,0,1),(446,47,0,2),(446,82,1,3),(447,80,0,1),(447,39,0,2),(447,158,1,3),(448,80,0,1),(448,39,0,2),(448,154,1,3),(449,45,0,1),(449,159,1,3),(450,45,0,1),(450,159,1,3),(451,4,0,1),(451,97,0,2),(451,51,1,3),(452,4,0,1),(452,97,0,2),(452,51,1,3),(453,107,0,1),(453,87,0,2),(453,143,1,3),(454,107,0,1),(454,87,0,2),(454,143,1,3),(455,26,0,1),(456,33,0,1),(456,114,0,2),(456,41,1,3),(457,33,0,1),(457,114,0,2),(457,41,1,3),(458,33,0,1),(458,11,0,2),(458,41,1,3),(459,117,0,1),(459,43,1,3),(460,117,0,1),(460,43,1,3),(461,46,0,1),(461,124,1,3),(462,42,0,1),(462,5,0,2),(462,148,1,3),(463,20,0,1),(463,12,0,2),(463,13,1,3),(464,31,0,1),(464,116,0,2),(464,120,1,3),(465,34,0,1),(465,102,0,2),(465,144,1,3),(466,78,0,1),(466,72,1,3),(467,49,0,1),(467,72,1,3),(468,55,0,1),(468,32,0,2),(468,105,1,3),(469,3,0,1),(469,110,0,2),(469,119,1,3),(470,102,0,1),(470,34,1,3),(471,81,0,1),(471,115,1,3),(472,52,0,1),(472,8,0,2),(472,90,1,3),(473,12,0,1),(473,81,0,2),(473,47,1,3),(474,91,0,1),(474,88,0,2),(474,148,1,3),(475,80,0,1),(475,154,1,3),(476,5,0,1),(476,42,0,2),(476,159,1,3),(477,46,0,1),(477,119,1,3),(478,81,0,1),(478,130,1,3),(479,26,0,1),(480,26,0,1),(481,26,0,1),(482,26,0,1),(483,46,0,1),(483,140,1,3),(484,46,0,1),(484,140,1,3),(485,18,0,1),(485,49,1,3),(486,112,0,1),(487,46,0,1),(487,140,1,3),(488,26,0,1),(489,93,0,1),(490,93,0,1),(491,123,0,1),(492,30,0,1),(493,121,0,1),(494,162,0,1),(495,65,0,1),(495,126,1,3),(496,65,0,1),(496,126,1,3),(497,65,0,1),(497,126,1,3),(498,66,0,1),(498,47,1,3),(499,66,0,1),(499,47,1,3),(500,66,0,1),(500,120,1,3),(501,67,0,1),(501,75,1,3),(502,67,0,1),(502,75,1,3),(503,67,0,1),(503,75,1,3),(504,50,0,1),(504,51,0,2),(504,148,1,3),(505,35,0,1),(505,51,0,2),(505,148,1,3),(506,72,0,1),(506,53,0,2),(506,50,1,3),(507,22,0,1),(507,146,0,2),(507,113,1,3),(508,22,0,1),(508,146,0,2),(508,113,1,3),(509,7,0,1),(509,84,0,2),(509,158,1,3),(510,7,0,1),(510,84,0,2),(510,158,1,3),(511,82,0,1),(511,65,1,3),(512,82,0,1),(512,65,1,3),(513,82,0,1),(513,66,1,3),(514,82,0,1),(514,66,1,3),(515,82,0,1),(515,67,1,3),(516,82,0,1),(516,67,1,3),(517,108,0,1),(517,28,0,2),(517,140,1,3),(518,108,0,1),(518,28,0,2),(518,140,1,3),(519,145,0,1),(519,105,0,2),(519,79,1,3),(520,145,0,1),(520,105,0,2),(520,79,1,3),(521,145,0,1),(521,105,0,2),(521,79,1,3),(522,31,0,1),(522,78,0,2),(522,157,1,3),(523,31,0,1),(523,78,0,2),(523,157,1,3),(524,5,0,1),(524,159,1,3),(525,5,0,1),(525,159,1,3),(526,5,0,1),(526,159,1,3),(527,109,0,1),(527,103,0,2),(527,86,1,3),(528,109,0,1),(528,103,0,2),(528,86,1,3),(529,146,0,1),(529,159,0,2),(529,104,1,3),(530,146,0,1),(530,159,0,2),(530,104,1,3),(531,131,0,1),(531,144,0,2),(531,103,1,3),(532,62,0,1),(532,125,0,2),(532,89,1,3),(533,62,0,1),(533,125,0,2),(533,89,1,3),(534,62,0,1),(534,125,0,2),(534,89,1,3),(535,33,0,1),(535,93,0,2),(535,11,1,3),(536,33,0,1),(536,93,0,2),(536,11,1,3),(537,33,0,1),(537,143,0,2),(537,11,1,3),(538,62,0,1),(538,39,0,2),(538,104,1,3),(539,5,0,1),(539,39,0,2),(539,104,1,3),(540,68,0,1),(540,34,0,2),(540,142,1,3),(541,102,0,1),(541,34,0,2),(541,142,1,3),(542,68,0,1),(542,34,0,2),(542,142,1,3),(543,38,0,1),(543,68,0,2),(543,3,1,3),(544,38,0,1),(544,68,0,2),(544,3,1,3),(545,38,0,1),(545,68,0,2),(545,3,1,3),(546,158,0,1),(546,151,0,2),(546,34,1,3),(547,158,0,1),(547,151,0,2),(547,34,1,3),(548,34,0,1),(548,20,0,2),(548,102,1,3),(549,34,0,1),(549,20,0,2),(549,102,1,3),(550,120,0,1),(550,91,0,2),(550,104,1,3),(551,22,0,1),(551,153,0,2),(551,83,1,3),(552,22,0,1),(552,153,0,2),(552,83,1,3),(553,22,0,1),(553,153,0,2),(553,83,1,3),(554,55,0,1),(554,39,1,3),(555,125,0,1),(555,161,1,3),(556,11,0,1),(556,34,0,2),(556,114,1,3),(557,5,0,1),(557,75,0,2),(557,133,1,3),(558,5,0,1),(558,75,0,2),(558,133,1,3),(559,61,0,1),(559,153,0,2),(559,22,1,3),(560,61,0,1),(560,153,0,2),(560,22,1,3),(561,147,0,1),(561,98,0,2),(561,110,1,3),(562,152,0,1),(563,152,0,1),(564,116,0,1),(564,5,0,2),(564,33,1,3),(565,116,0,1),(565,5,0,2),(565,33,1,3),(566,129,0,1),(567,129,0,1),(568,1,0,1),(568,60,0,2),(568,106,1,3),(569,1,0,1),(569,133,0,2),(569,106,1,3),(570,149,0,1),(571,149,0,1),(572,56,0,1),(572,101,0,2),(572,92,1,3),(573,56,0,1),(573,101,0,2),(573,92,1,3),(574,119,0,1),(574,172,0,2),(574,23,1,3),(575,119,0,1),(575,172,0,2),(575,23,1,3),(576,119,0,1),(576,172,0,2),(576,23,1,3),(577,142,0,1),(577,98,0,2),(577,144,1,3),(578,142,0,1),(578,98,0,2),(578,144,1,3),(579,142,0,1),(579,98,0,2),(579,144,1,3),(580,51,0,1),(580,145,0,2),(580,93,1,3),(581,51,0,1),(581,145,0,2),(581,93,1,3),(582,115,0,1),(582,133,1,3),(583,115,0,1),(583,133,1,3),(584,115,0,1),(584,133,1,3),(585,34,0,1),(585,157,0,2),(585,32,1,3),(586,34,0,1),(586,157,0,2),(586,32,1,3),(587,9,0,1),(587,78,1,3),(588,68,0,1),(588,61,0,2),(588,99,1,3),(589,68,0,1),(589,75,0,2),(589,142,1,3),(590,27,0,1),(590,144,1,3),(591,27,0,1),(591,144,1,3),(592,11,0,1),(592,130,0,2),(592,6,1,3),(593,11,0,1),(593,130,0,2),(593,6,1,3),(594,131,0,1),(594,93,0,2),(594,144,1,3),(595,14,0,1),(595,127,0,2),(595,68,1,3),(596,14,0,1),(596,127,0,2),(596,68,1,3),(597,160,0,1),(598,160,0,1),(598,107,1,3),(599,57,0,1),(599,58,0,2),(599,29,1,3),(600,57,0,1),(600,58,0,2),(600,29,1,3),(601,57,0,1),(601,58,0,2),(601,29,1,3),(602,26,0,1),(603,26,0,1),(604,26,0,1),(605,140,0,1),(605,28,0,2),(605,148,1,3),(606,140,0,1),(606,28,0,2),(606,148,1,3),(607,18,0,1),(607,49,0,2),(607,151,1,3),(608,18,0,1),(608,49,0,2),(608,151,1,3),(609,18,0,1),(609,49,0,2),(609,151,1,3),(610,79,0,1),(610,104,0,2),(610,127,1,3),(611,79,0,1),(611,104,0,2),(611,127,1,3),(612,79,0,1),(612,104,0,2),(612,127,1,3),(613,81,0,1),(613,155,1,3),(614,81,0,1),(614,33,1,3),(615,26,0,1),(616,93,0,1),(616,75,0,2),(616,142,1,3),(617,93,0,1),(617,60,0,2),(617,84,1,3),(618,9,0,1),(618,7,0,2),(618,8,1,3),(619,39,0,1),(619,144,0,2),(619,120,1,3),(620,39,0,1),(620,144,0,2),(620,120,1,3),(621,24,0,1),(621,125,0,2),(621,104,1,3),(622,89,0,1),(622,103,0,2),(622,99,1,3),(623,89,0,1),(623,103,0,2),(623,99,1,3),(624,128,0,1),(624,39,0,2),(624,46,1,3),(625,128,0,1),(625,39,0,2),(625,46,1,3),(626,120,0,1),(626,157,0,2),(626,43,1,3),(627,51,0,1),(627,125,0,2),(627,55,1,3),(628,51,0,1),(628,125,0,2),(628,128,1,3),(629,145,0,1),(629,142,0,2),(629,133,1,3),(630,145,0,1),(630,142,0,2),(630,133,1,3),(631,82,0,1),(631,18,0,2),(631,73,1,3),(632,68,0,1),(632,55,0,2),(632,54,1,3),(633,55,0,1),(634,55,0,1),(635,26,0,1),(636,49,0,1),(636,68,1,3),(637,49,0,1),(637,68,1,3),(638,154,0,1),(639,154,0,1),(640,154,0,1),(641,158,0,1),(641,128,1,3),(642,158,0,1),(642,128,1,3),(643,163,0,1),(644,164,0,1),(645,159,0,1),(645,125,1,3),(646,46,0,1),(647,154,0,1),(648,32,0,1),(649,88,0,1),(650,65,0,1),(650,171,1,3),(651,65,0,1),(651,171,1,3),(652,65,0,1),(652,171,1,3),(653,66,0,1),(653,170,1,3),(654,66,0,1),(654,170,1,3),(655,66,0,1),(655,170,1,3),(656,67,0,1),(656,168,1,3),(657,67,0,1),(657,168,1,3),(658,67,0,1),(658,168,1,3),(659,53,0,1),(659,167,0,2),(659,37,1,3),(660,53,0,1),(660,167,0,2),(660,37,1,3),(661,145,0,1),(661,177,1,3),(662,49,0,1),(662,177,1,3),(663,49,0,1),(663,177,1,3),(664,19,0,1),(664,14,0,2),(664,132,1,3),(665,61,0,1),(665,132,1,3),(666,19,0,1),(666,14,0,2),(666,132,1,3),(667,79,0,1),(667,127,0,2),(667,153,1,3),(668,79,0,1),(668,127,0,2),(668,153,1,3),(669,166,0,1),(669,180,1,3),(670,166,0,1),(670,180,1,3),(671,166,0,1),(671,180,1,3),(672,157,0,1),(672,179,1,3),(673,157,0,1),(673,179,1,3),(674,89,0,1),(674,104,0,2),(674,113,1,3),(675,89,0,1),(675,104,0,2),(675,113,1,3),(676,169,0,1),(677,51,0,1),(677,151,0,2),(677,20,1,3),(678,51,0,1),(678,151,0,2),(678,158,1,3),(679,99,0,1),(680,99,0,1),(681,176,0,1),(682,131,0,1),(682,165,1,3),(683,131,0,1),(683,165,1,3),(684,175,0,1),(684,84,1,3),(685,175,0,1),(685,84,1,3),(686,126,0,1),(686,21,0,2),(686,151,1,3),(687,126,0,1),(687,21,0,2),(687,151,1,3),(688,181,0,1),(688,97,0,2),(688,124,1,3),(689,181,0,1),(689,97,0,2),(689,124,1,3),(690,38,0,1),(690,143,0,2),(690,91,1,3),(691,38,0,1),(691,143,0,2),(691,91,1,3),(692,178,0,1),(693,178,0,1),(694,87,0,1),(694,8,0,2),(694,94,1,3),(695,87,0,1),(695,8,0,2),(695,94,1,3),(696,173,0,1),(696,5,1,3),(697,173,0,1),(697,69,1,3),(698,174,0,1),(698,117,1,3),(699,174,0,1),(699,117,1,3),(700,56,0,1),(700,182,1,3),(701,7,0,1),(701,84,0,2),(701,104,1,3),(702,167,0,1),(702,53,0,2),(702,57,1,3),(703,29,0,1),(703,5,1,3),(704,157,0,1),(704,93,0,2),(704,183,1,3),(705,157,0,1),(705,93,0,2),(705,183,1,3),(706,157,0,1),(706,93,0,2),(706,183,1,3),(707,158,0,1),(707,170,1,3),(708,30,0,1),(708,119,0,2),(708,139,1,3),(709,30,0,1),(709,119,0,2),(709,139,1,3),(710,53,0,1),(710,119,0,2),(710,15,1,3),(711,53,0,1),(711,119,0,2),(711,15,1,3),(712,20,0,1),(712,115,0,2),(712,5,1,3),(713,20,0,1),(713,115,0,2),(713,5,1,3),(714,119,0,1),(714,151,0,2),(714,140,1,3),(715,119,0,1),(715,151,0,2),(715,140,1,3),(716,187,0,1),(717,186,0,1),(718,188,0,1),(719,29,0,1),(720,170,0,1),(721,11,0,1),(10001,46,0,1),(10002,46,0,1),(10003,46,0,1),(10004,107,0,1),(10004,142,1,3),(10005,107,0,1),(10005,142,1,3),(10006,32,0,1),(10007,26,0,1),(10008,26,0,1),(10009,26,0,1),(10010,26,0,1),(10011,26,0,1),(10012,26,0,1),(10013,59,0,1),(10014,59,0,1),(10015,59,0,1),(10016,69,0,1),(10016,91,0,2),(10016,104,1,3),(10017,125,0,1),(10017,161,1,3),(10018,32,0,1),(10019,144,0,1),(10020,10,0,1),(10021,22,0,1),(10022,164,0,1),(10023,163,0,1),(10024,154,0,1),(10025,51,0,1),(10025,151,0,2),(10025,172,1,3),(10026,176,0,1),(10027,53,0,1),(10027,119,0,2),(10027,15,1,3),(10028,53,0,1),(10028,119,0,2),(10028,15,1,3),(10029,53,0,1),(10029,119,0,2),(10029,15,1,3),(10030,53,0,1),(10030,119,0,2),(10030,15,1,3),(10031,53,0,1),(10031,119,0,2),(10031,15,1,3),(10032,53,0,1),(10032,119,0,2),(10032,15,1,3),(10033,47,0,1),(10034,181,0,1),(10035,70,0,1),(10036,178,0,1),(10037,36,0,1),(10038,23,0,1),(10039,185,0,1),(10040,184,0,1),(10041,104,0,1),(10042,181,0,1),(10043,80,0,1),(10044,15,0,1),(10045,104,0,1),(10046,101,0,1),(10047,92,0,1),(10048,94,0,1),(10049,45,0,1),(10050,3,0,1),(10051,182,0,1),(10052,37,0,1),(10053,111,0,1),(10054,74,0,1),(10055,22,0,1),(10056,158,0,1),(10057,156,0,1),(10058,159,0,1),(10059,91,0,1),(10060,117,0,1),(10061,166,0,1),(10061,180,1,3),(10062,26,0,1),(10063,26,0,1),(10064,33,0,1),(10065,31,0,1),(10066,156,0,1),(10067,182,0,1),(10068,39,0,1),(10069,131,0,1),(10070,173,0,1),(10071,75,0,1),(10072,159,0,1),(10073,99,0,1),(10074,174,0,1),(10075,156,0,1),(10076,181,0,1),(10077,189,0,1),(10078,190,0,1),(10079,191,0,1),(10080,9,0,1),(10080,31,1,3),(10081,9,0,1),(10081,31,1,3),(10082,9,0,1),(10082,31,1,3),(10083,9,0,1),(10083,31,1,3),(10084,9,0,1),(10084,31,1,3),(10085,9,0,1),(10085,31,1,3),(10086,170,0,1),(10087,125,0,1),(10088,113,0,1),(10089,184,0,1),(10090,91,0,1);
/*!40000 ALTER TABLE `pokemon_abilities` ENABLE KEYS */;
UNLOCK TABLES;

--
-- Table structure for table `pokemon_types`
--

DROP TABLE IF EXISTS `pokemon_types`;
/*!40101 SET @saved_cs_client     = @@character_set_client */;
/*!50503 SET character_set_client = utf8mb4 */;
CREATE TABLE `pokemon_types` (
  `pokemon_id` int NOT NULL,
  `type_id` int NOT NULL,
  `slot` int NOT NULL,
  PRIMARY KEY (`pokemon_id`,`slot`),
  KEY `type_id` (`type_id`),
  CONSTRAINT `pokemon_types_ibfk_1` FOREIGN KEY (`pokemon_id`) REFERENCES `pokemon` (`id`),
  CONSTRAINT `pokemon_types_ibfk_2` FOREIGN KEY (`type_id`) REFERENCES `types` (`id`)
) ENGINE=InnoDB DEFAULT CHARSET=utf8mb3;
/*!40101 SET character_set_client = @saved_cs_client */;

--
-- Dumping data for table `pokemon_types`
--

LOCK TABLES `pokemon_types` WRITE;
/*!40000 ALTER TABLE `pokemon_types` DISABLE KEYS */;
INSERT INTO `pokemon_types` VALUES (16,1,1),(17,1,1),(18,1,1),(19,1,1),(20,1,1),(21,1,1),(22,1,1),(39,1,1),(40,1,1),(52,1,1),(53,1,1),(83,1,1),(84,1,1),(85,1,1),(108,1,1),(113,1,1),(115,1,1),(128,1,1),(132,1,1),(133,1,1),(137,1,1),(143,1,1),(161,1,1),(162,1,1),(163,1,1),(164,1,1),(174,1,1),(190,1,1),(203,1,1),(206,1,1),(216,1,1),(217,1,1),(233,1,1),(234,1,1),(235,1,1),(241,1,1),(242,1,1),(263,1,1),(264,1,1),(276,1,1),(277,1,1),(287,1,1),(288,1,1),(289,1,1),(293,1,1),(294,1,1),(295,1,1),(298,1,1),(300,1,1),(301,1,1),(327,1,1),(333,1,1),(335,1,1),(351,1,1),(352,1,1),(396,1,1),(397,1,1),(398,1,1),(399,1,1),(400,1,1),(424,1,1),(427,1,1),(428,1,1),(431,1,1),(432,1,1),(440,1,1),(441,1,1),(446,1,1),(463,1,1),(474,1,1),(486,1,1),(493,1,1),(504,1,1),(505,1,1),(506,1,1),(507,1,1),(508,1,1),(519,1,1),(520,1,1),(521,1,1),(531,1,1),(572,1,1),(573,1,1),(585,1,1),(586,1,1),(626,1,1),(627,1,1),(628,1,1),(648,1,1),(659,1,1),(660,1,1),(661,1,1),(667,1,2),(668,1,2),(676,1,1),(694,1,2),(695,1,2),(10018,1,1),(10039,1,1),(10069,1,1),(10073,1,1),(10088,1,1),(56,2,1),(57,2,1),(62,2,2),(66,2,1),(67,2,1),(68,2,1),(106,2,1),(107,2,1),(214,2,2),(236,2,1),(237,2,1),(256,2,2),(257,2,2),(286,2,2),(296,2,1),(297,2,1),(307,2,1),(308,2,1),(391,2,2),(392,2,2),(447,2,1),(448,2,1),(453,2,2),(454,2,2),(475,2,2),(499,2,2),(500,2,2),(532,2,1),(533,2,1),(534,2,1),(538,2,1),(539,2,1),(559,2,2),(560,2,2),(619,2,1),(620,2,1),(638,2,2),(639,2,2),(640,2,2),(647,2,2),(652,2,2),(674,2,1),(675,2,1),(701,2,1),(10018,2,2),(10024,2,2),(10043,2,2),(10047,2,2),(10050,2,2),(10054,2,1),(10059,2,1),(10068,2,2),(10088,2,2),(6,3,2),(12,3,2),(16,3,2),(17,3,2),(18,3,2),(21,3,2),(22,3,2),(41,3,2),(42,3,2),(83,3,2),(84,3,2),(85,3,2),(123,3,2),(130,3,2),(142,3,2),(144,3,2),(145,3,2),(146,3,2),(149,3,2),(163,3,2),(164,3,2),(165,3,2),(166,3,2),(169,3,2),(176,3,2),(177,3,2),(178,3,2),(187,3,2),(188,3,2),(189,3,2),(193,3,2),(198,3,2),(207,3,2),(225,3,2),(226,3,2),(227,3,2),(249,3,2),(250,3,2),(267,3,2),(276,3,2),(277,3,2),(278,3,2),(279,3,2),(284,3,2),(291,3,2),(333,3,2),(334,3,2),(357,3,2),(373,3,2),(384,3,2),(396,3,2),(397,3,2),(398,3,2),(414,3,2),(415,3,2),(416,3,2),(425,3,2),(426,3,2),(430,3,2),(441,3,2),(458,3,2),(468,3,2),(469,3,2),(472,3,2),(519,3,2),(520,3,2),(521,3,2),(527,3,2),(528,3,2),(561,3,2),(566,3,2),(567,3,2),(580,3,2),(581,3,2),(587,3,2),(627,3,2),(628,3,2),(629,3,2),(630,3,2),(641,3,1),(642,3,2),(645,3,2),(661,3,2),(662,3,2),(663,3,2),(666,3,2),(701,3,2),(714,3,1),(715,3,1),(717,3,2),(10006,3,2),(10011,3,2),(10019,3,1),(10020,3,2),(10021,3,2),(10035,3,2),(10040,3,2),(10042,3,2),(10073,3,2),(10079,3,2),(10089,3,2),(1,4,2),(2,4,2),(3,4,2),(13,4,2),(14,4,2),(15,4,2),(23,4,1),(24,4,1),(29,4,1),(30,4,1),(31,4,1),(32,4,1),(33,4,1),(34,4,1),(41,4,1),(42,4,1),(43,4,2),(44,4,2),(45,4,2),(48,4,2),(49,4,2),(69,4,2),(70,4,2),(71,4,2),(72,4,2),(73,4,2),(88,4,1),(89,4,1),(92,4,2),(93,4,2),(94,4,2),(109,4,1),(110,4,1),(167,4,2),(168,4,2),(169,4,1),(211,4,2),(269,4,2),(315,4,2),(316,4,1),(317,4,1),(336,4,1),(406,4,2),(407,4,2),(434,4,1),(435,4,1),(451,4,1),(452,4,1),(453,4,1),(454,4,1),(543,4,2),(544,4,2),(545,4,2),(568,4,1),(569,4,1),(590,4,2),(591,4,2),(690,4,1),(691,4,1),(10033,4,2),(10038,4,2),(10090,4,2),(27,5,1),(28,5,1),(31,5,2),(34,5,2),(50,5,1),(51,5,1),(74,5,2),(75,5,2),(76,5,2),(95,5,2),(104,5,1),(105,5,1),(111,5,1),(112,5,1),(194,5,2),(195,5,2),(207,5,1),(208,5,2),(220,5,2),(221,5,2),(231,5,1),(232,5,1),(246,5,2),(247,5,2),(259,5,2),(260,5,2),(290,5,2),(322,5,2),(323,5,2),(328,5,1),(329,5,1),(330,5,1),(339,5,2),(340,5,2),(343,5,1),(344,5,1),(383,5,1),(389,5,2),(423,5,2),(443,5,2),(444,5,2),(445,5,2),(449,5,1),(450,5,1),(464,5,1),(472,5,1),(473,5,2),(529,5,1),(530,5,1),(536,5,2),(537,5,2),(551,5,1),(552,5,1),(553,5,1),(618,5,1),(622,5,1),(623,5,1),(645,5,1),(660,5,2),(718,5,2),(10004,5,2),(10021,5,1),(10058,5,2),(10064,5,2),(10072,5,2),(10078,5,1),(10087,5,2),(74,6,1),(75,6,1),(76,6,1),(95,6,1),(111,6,2),(112,6,2),(138,6,1),(139,6,1),(140,6,1),(141,6,1),(142,6,1),(185,6,1),(213,6,2),(219,6,2),(222,6,2),(246,6,1),(247,6,1),(248,6,1),(299,6,1),(304,6,2),(305,6,2),(306,6,2),(337,6,1),(338,6,1),(345,6,1),(346,6,1),(347,6,1),(348,6,1),(369,6,2),(377,6,1),(408,6,1),(409,6,1),(410,6,1),(411,6,1),(438,6,1),(464,6,2),(476,6,1),(524,6,1),(525,6,1),(526,6,1),(557,6,2),(558,6,2),(564,6,2),(565,6,2),(566,6,1),(567,6,1),(639,6,1),(688,6,1),(689,6,1),(696,6,1),(697,6,1),(698,6,1),(699,6,1),(703,6,1),(719,6,1),(10042,6,1),(10049,6,1),(10075,6,1),(10,7,1),(11,7,1),(12,7,1),(13,7,1),(14,7,1),(15,7,1),(46,7,1),(47,7,1),(48,7,1),(49,7,1),(123,7,1),(127,7,1),(165,7,1),(166,7,1),(167,7,1),(168,7,1),(193,7,1),(204,7,1),(205,7,1),(212,7,1),(213,7,1),(214,7,1),(265,7,1),(266,7,1),(267,7,1),(268,7,1),(269,7,1),(283,7,1),(284,7,1),(290,7,1),(291,7,1),(292,7,1),(313,7,1),(314,7,1),(347,7,2),(348,7,2),(401,7,1),(402,7,1),(412,7,1),(413,7,1),(414,7,1),(415,7,1),(416,7,1),(451,7,2),(469,7,1),(540,7,1),(541,7,1),(542,7,1),(543,7,1),(544,7,1),(545,7,1),(557,7,1),(558,7,1),(588,7,1),(589,7,1),(595,7,1),(596,7,1),(616,7,1),(617,7,1),(632,7,1),(636,7,1),(637,7,1),(649,7,1),(664,7,1),(665,7,1),(666,7,1),(10004,7,1),(10005,7,1),(10040,7,1),(10046,7,1),(10047,7,1),(10090,7,1),(92,8,1),(93,8,1),(94,8,1),(200,8,1),(292,8,2),(302,8,2),(353,8,1),(354,8,1),(355,8,1),(356,8,1),(425,8,1),(426,8,1),(429,8,1),(442,8,1),(477,8,1),(478,8,2),(479,8,2),(487,8,1),(562,8,1),(563,8,1),(592,8,2),(593,8,2),(607,8,1),(608,8,1),(609,8,1),(622,8,2),(623,8,2),(679,8,2),(680,8,2),(681,8,2),(708,8,1),(709,8,1),(710,8,1),(711,8,1),(720,8,2),(10007,8,1),(10026,8,2),(10027,8,1),(10028,8,1),(10029,8,1),(10030,8,1),(10031,8,1),(10032,8,1),(10038,8,1),(10056,8,1),(10066,8,2),(81,9,2),(82,9,2),(205,9,2),(208,9,1),(212,9,2),(227,9,1),(303,9,1),(304,9,1),(305,9,1),(306,9,1),(374,9,1),(375,9,1),(376,9,1),(379,9,1),(385,9,1),(395,9,2),(410,9,2),(411,9,2),(436,9,1),(437,9,1),(448,9,2),(462,9,2),(476,9,2),(483,9,1),(485,9,2),(530,9,2),(589,9,2),(597,9,2),(598,9,2),(599,9,1),(600,9,1),(601,9,1),(624,9,2),(625,9,2),(632,9,2),(638,9,1),(649,9,2),(679,9,1),(680,9,1),(681,9,1),(707,9,1),(10005,9,2),(10026,9,1),(10046,9,2),(10052,9,1),(10053,9,1),(10059,9,2),(10072,9,1),(10076,9,1),(4,10,1),(5,10,1),(6,10,1),(37,10,1),(38,10,1),(58,10,1),(59,10,1),(77,10,1),(78,10,1),(126,10,1),(136,10,1),(146,10,1),(155,10,1),(156,10,1),(157,10,1),(218,10,1),(219,10,1),(228,10,2),(229,10,2),(240,10,1),(244,10,1),(250,10,1),(255,10,1),(256,10,1),(257,10,1),(322,10,1),(323,10,1),(324,10,1),(390,10,1),(391,10,1),(392,10,1),(467,10,1),(485,10,1),(494,10,2),(498,10,1),(499,10,1),(500,10,1),(513,10,1),(514,10,1),(554,10,1),(555,10,1),(607,10,2),(608,10,2),(609,10,2),(631,10,1),(636,10,2),(637,10,2),(643,10,2),(653,10,1),(654,10,1),(655,10,1),(662,10,1),(663,10,1),(667,10,1),(668,10,1),(721,10,1),(10008,10,2),(10013,10,1),(10017,10,1),(10034,10,1),(10035,10,1),(10048,10,2),(10050,10,1),(10078,10,2),(10087,10,1),(7,11,1),(8,11,1),(9,11,1),(54,11,1),(55,11,1),(60,11,1),(61,11,1),(62,11,1),(72,11,1),(73,11,1),(79,11,1),(80,11,1),(86,11,1),(87,11,1),(90,11,1),(91,11,1),(98,11,1),(99,11,1),(116,11,1),(117,11,1),(118,11,1),(119,11,1),(120,11,1),(121,11,1),(129,11,1),(130,11,1),(131,11,1),(134,11,1),(138,11,2),(139,11,2),(140,11,2),(141,11,2),(158,11,1),(159,11,1),(160,11,1),(170,11,1),(171,11,1),(183,11,1),(184,11,1),(186,11,1),(194,11,1),(195,11,1),(199,11,1),(211,11,1),(222,11,1),(223,11,1),(224,11,1),(226,11,1),(230,11,1),(245,11,1),(258,11,1),(259,11,1),(260,11,1),(270,11,1),(271,11,1),(272,11,1),(278,11,1),(279,11,1),(283,11,2),(318,11,1),(319,11,1),(320,11,1),(321,11,1),(339,11,1),(340,11,1),(341,11,1),(342,11,1),(349,11,1),(350,11,1),(363,11,2),(364,11,2),(365,11,2),(366,11,1),(367,11,1),(368,11,1),(369,11,1),(370,11,1),(382,11,1),(393,11,1),(394,11,1),(395,11,1),(400,11,2),(418,11,1),(419,11,1),(422,11,1),(423,11,1),(456,11,1),(457,11,1),(458,11,1),(484,11,1),(489,11,1),(490,11,1),(501,11,1),(502,11,1),(503,11,1),(515,11,1),(516,11,1),(535,11,1),(536,11,1),(537,11,1),(550,11,1),(564,11,1),(565,11,1),(580,11,1),(581,11,1),(592,11,1),(593,11,1),(594,11,1),(647,11,1),(656,11,1),(657,11,1),(658,11,1),(688,11,2),(689,11,2),(690,11,2),(692,11,1),(693,11,1),(721,11,2),(10009,11,2),(10014,11,1),(10016,11,1),(10024,11,1),(10036,11,1),(10041,11,1),(10064,11,1),(10070,11,1),(10071,11,1),(10077,11,1),(1,12,1),(2,12,1),(3,12,1),(43,12,1),(44,12,1),(45,12,1),(46,12,2),(47,12,2),(69,12,1),(70,12,1),(71,12,1),(102,12,1),(103,12,1),(114,12,1),(152,12,1),(153,12,1),(154,12,1),(182,12,1),(187,12,1),(188,12,1),(189,12,1),(191,12,1),(192,12,1),(251,12,2),(252,12,1),(253,12,1),(254,12,1),(270,12,2),(271,12,2),(272,12,2),(273,12,1),(274,12,1),(275,12,1),(285,12,1),(286,12,1),(315,12,1),(331,12,1),(332,12,1),(345,12,2),(346,12,2),(357,12,1),(387,12,1),(388,12,1),(389,12,1),(406,12,1),(407,12,1),(413,12,2),(420,12,1),(421,12,1),(455,12,1),(459,12,1),(460,12,1),(465,12,1),(470,12,1),(492,12,1),(495,12,1),(496,12,1),(497,12,1),(511,12,1),(512,12,1),(540,12,2),(541,12,2),(542,12,2),(546,12,1),(547,12,1),(548,12,1),(549,12,1),(556,12,1),(585,12,2),(586,12,2),(590,12,1),(591,12,1),(597,12,1),(598,12,1),(640,12,1),(650,12,1),(651,12,1),(652,12,1),(672,12,1),(673,12,1),(708,12,2),(709,12,2),(710,12,2),(711,12,2),(10006,12,1),(10012,12,2),(10027,12,2),(10028,12,2),(10029,12,2),(10030,12,2),(10031,12,2),(10032,12,2),(10033,12,1),(10060,12,1),(10065,12,1),(25,13,1),(26,13,1),(81,13,1),(82,13,1),(100,13,1),(101,13,1),(125,13,1),(135,13,1),(145,13,1),(170,13,2),(171,13,2),(172,13,1),(179,13,1),(180,13,1),(181,13,1),(239,13,1),(243,13,1),(309,13,1),(310,13,1),(311,13,1),(312,13,1),(403,13,1),(404,13,1),(405,13,1),(417,13,1),(462,13,1),(466,13,1),(479,13,1),(522,13,1),(523,13,1),(587,13,1),(595,13,2),(596,13,2),(602,13,1),(603,13,1),(604,13,1),(618,13,2),(642,13,1),(644,13,2),(694,13,1),(695,13,1),(702,13,1),(10008,13,1),(10009,13,1),(10010,13,1),(10011,13,1),(10012,13,1),(10020,13,1),(10045,13,1),(10055,13,1),(10080,13,1),(10081,13,1),(10082,13,1),(10083,13,1),(10084,13,1),(10085,13,1),(63,14,1),(64,14,1),(65,14,1),(79,14,2),(80,14,2),(96,14,1),(97,14,1),(102,14,2),(103,14,2),(121,14,2),(122,14,1),(124,14,2),(150,14,1),(151,14,1),(177,14,1),(178,14,1),(196,14,1),(199,14,2),(201,14,1),(202,14,1),(203,14,2),(238,14,2),(249,14,1),(251,14,1),(280,14,1),(281,14,1),(282,14,1),(307,14,2),(308,14,2),(325,14,1),(326,14,1),(337,14,2),(338,14,2),(343,14,2),(344,14,2),(358,14,1),(360,14,1),(374,14,2),(375,14,2),(376,14,2),(380,14,2),(381,14,2),(385,14,2),(386,14,1),(433,14,1),(436,14,2),(437,14,2),(439,14,1),(475,14,1),(480,14,1),(481,14,1),(482,14,1),(488,14,1),(494,14,1),(517,14,1),(518,14,1),(527,14,1),(528,14,1),(561,14,1),(574,14,1),(575,14,1),(576,14,1),(577,14,1),(578,14,1),(579,14,1),(605,14,1),(606,14,1),(648,14,2),(655,14,2),(677,14,1),(678,14,1),(686,14,2),(687,14,2),(720,14,1),(10001,14,1),(10002,14,1),(10003,14,1),(10017,14,2),(10025,14,1),(10037,14,1),(10043,14,1),(10044,14,1),(10051,14,1),(10054,14,2),(10062,14,2),(10063,14,2),(10068,14,1),(10071,14,2),(10076,14,2),(10086,14,1),(87,15,2),(91,15,2),(124,15,1),(131,15,2),(144,15,1),(215,15,2),(220,15,1),(221,15,1),(225,15,1),(238,15,1),(361,15,1),(362,15,1),(363,15,1),(364,15,1),(365,15,1),(378,15,1),(459,15,2),(460,15,2),(461,15,2),(471,15,1),(473,15,1),(478,15,1),(582,15,1),(583,15,1),(584,15,1),(613,15,1),(614,15,1),(615,15,1),(646,15,2),(698,15,2),(699,15,2),(712,15,1),(713,15,1),(10010,15,2),(10015,15,1),(10022,15,2),(10023,15,2),(10060,15,2),(10074,15,1),(147,16,1),(148,16,1),(149,16,1),(230,16,2),(329,16,2),(330,16,2),(334,16,1),(371,16,1),(372,16,1),(373,16,1),(380,16,1),(381,16,1),(384,16,1),(443,16,1),(444,16,1),(445,16,1),(483,16,2),(484,16,2),(487,16,2),(610,16,1),(611,16,1),(612,16,1),(621,16,1),(633,16,2),(634,16,2),(635,16,2),(643,16,1),(644,16,1),(646,16,1),(691,16,2),(696,16,2),(697,16,2),(704,16,1),(705,16,1),(706,16,1),(714,16,2),(715,16,2),(718,16,1),(10007,16,2),(10022,16,1),(10023,16,1),(10034,16,2),(10045,16,2),(10058,16,1),(10062,16,1),(10063,16,1),(10065,16,2),(10067,16,1),(10079,16,1),(10089,16,1),(197,17,1),(198,17,1),(215,17,1),(228,17,1),(229,17,1),(248,17,2),(261,17,1),(262,17,1),(274,17,2),(275,17,2),(302,17,1),(318,17,2),(319,17,2),(332,17,2),(342,17,2),(359,17,1),(430,17,1),(434,17,2),(435,17,2),(442,17,2),(452,17,2),(461,17,1),(491,17,1),(509,17,1),(510,17,1),(551,17,2),(552,17,2),(553,17,2),(559,17,1),(560,17,1),(570,17,1),(571,17,1),(624,17,1),(625,17,1),(629,17,1),(630,17,1),(633,17,1),(634,17,1),(635,17,1),(658,17,2),(675,17,2),(686,17,1),(687,17,1),(717,17,1),(10041,17,2),(10048,17,1),(10049,17,2),(10057,17,1),(10066,17,1),(10070,17,2),(10086,17,2),(35,18,1),(36,18,1),(39,18,2),(40,18,2),(122,18,2),(173,18,1),(174,18,2),(175,18,1),(176,18,1),(183,18,2),(184,18,2),(209,18,1),(210,18,1),(280,18,2),(281,18,2),(282,18,2),(298,18,2),(303,18,2),(439,18,2),(468,18,1),(546,18,2),(547,18,2),(669,18,1),(670,18,1),(671,18,1),(682,18,1),(683,18,1),(684,18,1),(685,18,1),(700,18,1),(702,18,2),(703,18,2),(707,18,2),(716,18,1),(719,18,2),(10051,18,2),(10052,18,2),(10061,18,1),(10067,18,2),(10069,18,2),(10075,18,2);
/*!40000 ALTER TABLE `pokemon_types` ENABLE KEYS */;
UNLOCK TABLES;

--
-- Table structure for table `types`
--

DROP TABLE IF EXISTS `types`;
/*!40101 SET @saved_cs_client     = @@character_set_client */;
/*!50503 SET character_set_client = utf8mb4 */;
CREATE TABLE `types` (
  `id` int NOT NULL AUTO_INCREMENT,
  `name` varchar(79) NOT NULL,
  PRIMARY KEY (`id`)
) ENGINE=InnoDB AUTO_INCREMENT=10003 DEFAULT CHARSET=utf8mb3;
/*!40101 SET character_set_client = @saved_cs_client */;

--
-- Dumping data for table `types`
--

LOCK TABLES `types` WRITE;
/*!40000 ALTER TABLE `types` DISABLE KEYS */;
INSERT INTO `types` VALUES (1,'normal'),(2,'fighting'),(3,'flying'),(4,'poison'),(5,'ground'),(6,'rock'),(7,'bug'),(8,'ghost'),(9,'steel'),(10,'fire'),(11,'water'),(12,'grass'),(13,'electric'),(14,'psychic'),(15,'ice'),(16,'dragon'),(17,'dark'),(18,'fairy'),(10001,'unknown'),(10002,'shadow');
/*!40000 ALTER TABLE `types` ENABLE KEYS */;
UNLOCK TABLES;
/*!40103 SET TIME_ZONE=@OLD_TIME_ZONE */;

/*!40101 SET SQL_MODE=@OLD_SQL_MODE */;
/*!40014 SET FOREIGN_KEY_CHECKS=@OLD_FOREIGN_KEY_CHECKS */;
/*!40014 SET UNIQUE_CHECKS=@OLD_UNIQUE_CHECKS */;
/*!40101 SET CHARACTER_SET_CLIENT=@OLD_CHARACTER_SET_CLIENT */;
/*!40101 SET CHARACTER_SET_RESULTS=@OLD_CHARACTER_SET_RESULTS */;
/*!40101 SET COLLATION_CONNECTION=@OLD_COLLATION_CONNECTION */;
/*!40111 SET SQL_NOTES=@OLD_SQL_NOTES */;

-- Dump completed on 2023-10-19 14:12:51
